/*
Navicat MySQL Data Transfer

Source Server         : 192.168.1.120
Source Server Version : 50712
Source Host           : localhost:3306
Source Database       : showdoc

Target Server Type    : MYSQL
Target Server Version : 50712
File Encoding         : 65001

Date: 2016-05-18 10:34:14
*/

SET FOREIGN_KEY_CHECKS=0;

-- ----------------------------
-- Table structure for `catalog`
-- ----------------------------
DROP TABLE IF EXISTS `catalog`;
CREATE TABLE `catalog` (
  `cat_id` int(10) NOT NULL AUTO_INCREMENT COMMENT '目录id',
  `cat_name` varchar(20) NOT NULL DEFAULT '' COMMENT '目录名',
  `item_id` int(10) NOT NULL DEFAULT '0' COMMENT '所在的项目id',
  `order` int(10) NOT NULL DEFAULT '99' COMMENT '顺序号。数字越小越靠前。若此值全部相等时则按id排序',
  `addtime` int(11) NOT NULL DEFAULT '0',
  PRIMARY KEY (`cat_id`),
  KEY `order` (`order`),
  KEY `addtime` (`addtime`)
) ENGINE=MyISAM AUTO_INCREMENT=10 DEFAULT CHARSET=utf8 COMMENT='目录表';

-- ----------------------------
-- Records of catalog
-- ----------------------------
INSERT INTO `catalog` VALUES ('1', '接口示例', '2', '99', '1448461340');
INSERT INTO `catalog` VALUES ('3', '数据字典示例', '2', '99', '1448548858');
INSERT INTO `catalog` VALUES ('9', '手机直播伴侣', '7', '99', '1463124714');

-- ----------------------------
-- Table structure for `item`
-- ----------------------------
DROP TABLE IF EXISTS `item`;
CREATE TABLE `item` (
  `item_id` int(10) NOT NULL AUTO_INCREMENT,
  `item_name` varchar(50) NOT NULL DEFAULT '',
  `item_description` varchar(225) NOT NULL DEFAULT '' COMMENT '项目描述',
  `uid` int(10) NOT NULL DEFAULT '0',
  `username` varchar(50) NOT NULL DEFAULT '',
  `password` varchar(50) NOT NULL DEFAULT '',
  `addtime` int(11) NOT NULL DEFAULT '0',
  `last_update_time` int(11) NOT NULL DEFAULT '0' COMMENT '最后更新时间',
  PRIMARY KEY (`item_id`),
  KEY `addtime` (`addtime`)
) ENGINE=MyISAM AUTO_INCREMENT=8 DEFAULT CHARSET=utf8 COMMENT='项目表';

-- ----------------------------
-- Records of item
-- ----------------------------
INSERT INTO `item` VALUES ('1', 'ShowDoc数据字典', 'ShowDoc数据结构字典', '1', 'showdoc', '', '1448457876', '1460434451');
INSERT INTO `item` VALUES ('2', '示例文档', '示例文档', '1', 'showdoc', '', '1448460984', '1460434509');
INSERT INTO `item` VALUES ('3', 'ShowDoc', '介绍ShowDoc的各种功能', '1', 'showdoc', '', '1448541665', '1460434748');
INSERT INTO `item` VALUES ('7', '手机直播伴侣', '手机直播伴侣', '2', 'admin', '', '1463124173', '1463465348');

-- ----------------------------
-- Table structure for `item_member`
-- ----------------------------
DROP TABLE IF EXISTS `item_member`;
CREATE TABLE `item_member` (
  `item_member_id` int(10) NOT NULL AUTO_INCREMENT,
  `item_id` int(10) NOT NULL DEFAULT '0',
  `uid` int(10) NOT NULL DEFAULT '0',
  `username` varchar(50) NOT NULL DEFAULT '',
  `addtime` int(11) NOT NULL DEFAULT '0',
  PRIMARY KEY (`item_member_id`)
) ENGINE=MyISAM AUTO_INCREMENT=3 DEFAULT CHARSET=utf8 COMMENT='项目成员表';

-- ----------------------------
-- Records of item_member
-- ----------------------------
INSERT INTO `item_member` VALUES ('1', '5', '1', 'showdoc', '1451456827');

-- ----------------------------
-- Table structure for `page`
-- ----------------------------
DROP TABLE IF EXISTS `page`;
CREATE TABLE `page` (
  `page_id` int(10) NOT NULL AUTO_INCREMENT,
  `author_uid` int(10) NOT NULL DEFAULT '0' COMMENT '页面作者uid',
  `author_username` varchar(50) NOT NULL DEFAULT '' COMMENT '页面作者名字',
  `item_id` int(10) NOT NULL DEFAULT '0',
  `cat_id` int(10) NOT NULL DEFAULT '0',
  `page_title` varchar(50) NOT NULL DEFAULT '',
  `page_content` text NOT NULL,
  `order` int(10) NOT NULL DEFAULT '99' COMMENT '顺序号。数字越小越靠前。若此值全部相等时则按id排序',
  `addtime` int(11) NOT NULL DEFAULT '0',
  PRIMARY KEY (`page_id`),
  KEY `order` (`order`),
  KEY `addtime` (`addtime`)
) ENGINE=MyISAM AUTO_INCREMENT=58 DEFAULT CHARSET=utf8 COMMENT='文章页面表';

-- ----------------------------
-- Records of page
-- ----------------------------
INSERT INTO `page` VALUES ('1', '1', 'showdoc', '1', '0', 'user', '-  用户表，储存用户信息\n\n|字段|类型|空|默认|注释|\n|:----    |:-------    |:--- |-- -|------      |\n|uid	  |int(10)     |否	|	 |	           |\n|username |varchar(20) |否	|    |	 用户名	|\n|groupid  |tinyint(2)   |否	|  2  |	 1为管理员，2为普通用户。此字段保留方便以后扩展	|\n|password |varchar(50) |否   |    |	 密码		 |\n|cookie_token |varchar(50) |否   |    |	 实现cookie自动登录的token凭证 |\n|cookie_token_expire |int(11) |否   |    |	 过期时间		 |\n|avatar |varchar(200) |是   |    |	 头像		 |\n|avatar_small |varchar(200) |是   |    |	 小头像	 |\n|email |varchar(50) |否   |    |	 邮箱		 |\n|name     |varchar(15) |是   |    |    昵称     |\n|reg_time |int(11)     |否   | 0  |   注册时间  |\n|last_login_time |int(11)     |否   | 0  |   最后一次登录时间  |\n\n- 备注：无\n\n', '2', '1448597059');
INSERT INTO `page` VALUES ('2', '1', 'showdoc', '1', '0', 'page_history', '-  页面历史表，保存页面历史\n\n|字段|类型|空|默认|注释|\n|:----    |:-------    |:--- |-- -|------      |\n|page_history_id |int(10)     |否	|	 |	自增id           |\n|page_id |int(10) |否	|  0  |	 页面id	|\n|author_uid |int(10) |否   |  0  |	 页面作者uid		 |\n|author_username     |varchar(50) |否   |    |    页面作者用户名     |\n|item_id |int(10)     |否   | 0  |   项目id  |\n|cat_id |int(10)     |否   | 0  |   父目录id  |\n|page_title |varchar(50)	    |否   |   |   页面标题  |\n|page_content  |text     |否   |   |   页面内容  |\n|order |int(10)     |否   | 99  |   顺序号。数字越小越靠前  |\n|addtime |int(11)     |否   | 0  |   该记录添加的时间。可认为是页面的修改时间  |\n\n- 备注：无\n\n', '6', '1452932704');
INSERT INTO `page` VALUES ('3', '1', 'showdoc', '1', '0', 'page', '\n-  页面表，保存编辑的页面内容\n\n|字段|类型|空|默认|注释|\n|:----    |:-------    |:--- |-- -|------      |\n|page_id |int(10) |否	|  0  |	 页面自增id	|\n|author_uid |int(10) |否   |  0  |	 页面作者uid		 |\n|author_username     |varchar(50) |否   |    |    页面作者用户名     |\n|item_id |int(10)     |否   | 0  |   项目id  |\n|cat_id |int(10)     |否   | 0  |   父目录id  |\n|page_title |varchar(50)	    |否   |   |   页面标题  |\n|page_content  |text     |否   |   |   页面内容  |\n|order |int(10)     |否   | 99  |   顺序号。数字越小越靠前  |\n|addtime |int(11)     |否   | 0  |   该记录添加的时间。可认为是页面的修改时间  |\n\n- 备注：无\n\n', '5', '1448513525');
INSERT INTO `page` VALUES ('4', '1', 'showdoc', '1', '0', 'item', '-  项目表，储存项目信息\n\n|字段|类型|空|默认|注释|\n|:----    |:-------    |:--- |-- -|------      |\n|item_id	  |int(10)     |否	|	 |	 项目id、自增id          |\n|item_name |varchar(50) |否	|    |	 项目名	|\n|item_description |varchar(225) |否   |    |	 项目描述		 |\n|uid     |int(10) |是   |    |    创建人uid     |\n|username |varchar(50)     |否   |   |   创建人用户名  |\n|password |varchar(50)     |否   |   |   项目密码。可为空。空表示可以公开访问的项目  |\n|addtime |int(11)     |否   |   |   项目添加的时间，时间戳  |\n|last_update_time |int(11)     |否   |   |   项目最后更新时间，时间戳  |\n- 备注：无\n\n', '2', '1460433859');
INSERT INTO `page` VALUES ('5', '1', 'showdoc', '1', '0', 'catalog', '\n-  目录表，储存页面目录信息\n\n|字段|类型|空|默认|注释|\n|:----    |:-------    |:--- |-- -|------      |\n|cat_id	  |int(10)     |否	|	 |	目录id，自增           |\n|cat_name |varchar(20) |否	|    |	 目录名	|\n|item_id |int(50) |否   |    |	 目录所在的项目id		 |\n|order     |int(10) |否   | 99   |    顺序。数字越小越靠前     |\n|addtime  |int(10)     |否   | 0  |   添加时间，时间戳  |\n\n- 备注：无\n\n', '3', '1448513509');
INSERT INTO `page` VALUES ('6', '1', 'showdoc', '1', '0', 'item_member', '\n-  项目成员表\n\n|字段|类型|空|默认|注释|\n|:----    |:-------    |:--- |-- -|------      |\n|item_member_id	  |int(10)     |否	|	 |	  自增id         |\n|item_id |int(10) |否	|    |	 项目id	|\n|uid |int(10) |否   |    |	 成员uid		 |\n|username     |varchar(50) |是   |    |    成员用户名     |\n|addtime |int(11)     |否   | 0  |   添加时间  |\n\n- 备注：无\n\n', '4', '1448513517');
INSERT INTO `page` VALUES ('13', '1', 'showdoc', '1', '0', '序言', '这是ShowDoc的数据字典\n\n最后更新：2016-4-12\n\nby star7th\n\n\n\n', '1', '1460434451');
INSERT INTO `page` VALUES ('7', '1', 'showdoc', '2', '0', '序言', '###这是一个示例文档\n你可以点击左侧菜单以查看接口示例和数据字典示例', '99', '1448549158');
INSERT INTO `page` VALUES ('9', '1', 'showdoc', '2', '1', '用户注册', '**简要描述：** \n\n- 用户注册接口\n\n**请求URL：** \n- ` http://xx.com/api/user/register `\n  \n**请求方式：**\n- POST \n\n**参数：** \n\n|参数名|必选|类型|说明|\n|:----    |:---|:----- |-----   |\n|username |是  |string |用户名   |\n|password |是  |string | 密码    |\n|name     |否  |string | 昵称    |\n\n **返回示例**\n``` \n  {\n    &quot;error_code&quot;: 0,\n    &quot;data&quot;: {\n      &quot;uid&quot;: &quot;1&quot;,\n      &quot;username&quot;: &quot;12154545&quot;,\n      &quot;name&quot;: &quot;吴系挂&quot;,\n      &quot;groupid&quot;: 2 ,\n      &quot;reg_time&quot;: &quot;1436864169&quot;,\n      &quot;last_login_time&quot;: &quot;0&quot;,\n    }\n  }\n```\n **返回参数说明** \n\n|参数名|类型|说明|\n|:-----  |:-----|-----                           |\n|groupid |int   |用户组id，1：超级管理员；2：普通用户  |\n\n **备注** \n\n- 更多返回错误代码请看首页的错误代码描述\n\n', '99', '1448512640');
INSERT INTO `page` VALUES ('10', '1', 'showdoc', '2', '1', '用户登录', '**简要描述：** \n\n- 用户登录接口\n\n**请求URL：** \n- ` http://xx.com/api/user/login `\n  \n**请求方式：**\n- POST \n\n**参数：** \n\n|参数名|必选|类型|说明|\n|:----    |:---|:----- |-----   |\n|username |是  |string |用户名   |\n|password |是  |string | 密码    |\n\n\n **返回示例**\n``` \n  {\n    &quot;error_code&quot;: 0,\n    &quot;data&quot;: {\n      &quot;uid&quot;: &quot;1&quot;,\n      &quot;username&quot;: &quot;12154545&quot;,\n      &quot;name&quot;: &quot;吴系挂&quot;,\n      &quot;groupid&quot;: 2 ,\n      &quot;reg_time&quot;: &quot;1436864169&quot;,\n      &quot;last_login_time&quot;: &quot;0&quot;,\n    }\n  }\n```\n **返回参数说明** \n\n|参数名|类型|说明|\n|:-----  |:-----|-----                           |\n|groupid |int   |用户组id，1：超级管理员；2：普通用户  |\n\n **备注** \n\n- 更多返回错误代码请看首页的错误代码描述\n\n', '99', '1448512651');
INSERT INTO `page` VALUES ('11', '1', 'showdoc', '2', '1', '省份数据', '**简要描述：** \n\n- 获取全国省份数据\n\n**请求URL：** \n- ` http://xx.com/api/geograph/province `\n  \n**请求方式：**\n- GET \n\n**参数：** \n\n无\n\n **返回示例**\n``` \n{\n    &quot;error_code&quot;: 0,\n    &quot;data&quot;: [\n        {\n            &quot;id&quot;: &quot;1&quot;,\n            &quot;code&quot;: &quot;11&quot;,\n            &quot;parentid&quot;: &quot;0&quot;,\n            &quot;name&quot;: &quot;北京市&quot;,\n            &quot;level&quot;: &quot;1&quot;\n        },\n        {\n            &quot;id&quot;: &quot;636&quot;,\n            &quot;code&quot;: &quot;13&quot;,\n            &quot;parentid&quot;: &quot;0&quot;,\n            &quot;name&quot;: &quot;河北省&quot;,\n            &quot;level&quot;: &quot;1&quot;\n        },\n     .....     \n    ]\n}\n\n```\n **返回参数说明** \n\n无\n\n **备注** \n\n- 更多返回错误代码请看首页的错误代码描述\n\n\n', '99', '1448591022');
INSERT INTO `page` VALUES ('12', '1', 'showdoc', '2', '1', '城市数据', '**简要描述：** \n\n- 获取某个省份的城市数据\n\n**请求URL：** \n- ` http://xx.com/api/geograph/citys `\n  \n**请求方式：**\n- GET \n\n**参数：** \n\n|参数名|必选|类型|说明|\n|:----    |:---|:----- |-----   |\n|code |是  |string |省份代码   |\n\n **返回示例**\n``` \n{\n    &quot;error_code&quot;: 0,\n    &quot;data&quot;: [\n        {\n            &quot;id&quot;: &quot;28241&quot;,\n            &quot;code&quot;: &quot;4401&quot;,\n            &quot;parentid&quot;: &quot;44&quot;,\n            &quot;name&quot;: &quot;广州市&quot;,\n            &quot;level&quot;: &quot;2&quot;\n        },\n        {\n            &quot;id&quot;: &quot;28421&quot;,\n            &quot;code&quot;: &quot;4402&quot;,\n            &quot;parentid&quot;: &quot;44&quot;,\n            &quot;name&quot;: &quot;韶关市&quot;,\n            &quot;level&quot;: &quot;2&quot;\n        },\n        {\n            &quot;id&quot;: &quot;28558&quot;,\n            &quot;code&quot;: &quot;4403&quot;,\n            &quot;parentid&quot;: &quot;44&quot;,\n            &quot;name&quot;: &quot;深圳市&quot;,\n            &quot;level&quot;: &quot;2&quot;\n        },\n       ....\n    ]\n}\n```\n **返回参数说明** \n无\n\n **备注** \n\n- 更多返回错误代码请看首页的错误代码描述\n\n', '99', '1448549196');
INSERT INTO `page` VALUES ('14', '1', 'showdoc', '3', '0', '帮助教程', '###ShowDoc是什么\n\n每当接手一个他人开发好的模块或者项目，看着那些没有写注释的代码，我们都无比抓狂。文档呢？！文档呢？！**Show me the doc  ！！**  \n \n程序员都很希望别人能写技术文档，而自己却很不希望要写文档。因为写文档需要花大量的时间去处理格式排版，想着新建的word文档放在哪个目录等各种非技术细节。\n\nword文档零零散散地放在团队不同人那里，需要文档的人基本靠吼，吼一声然后上qq或者邮箱接收对方丢过来的文档。这种沟通方式当然可以，只是效率不高。  \n \nShowDoc就是一个非常适合IT团队的在线文档分享工具，它可以加快团队之间沟通的效率。  \n\n###它可以用来做什么\n\n- #### API文档（ [查看Demo](http://doc.star7th.com/2)）\n\n	随着移动互联网的发展，BaaS（后端即服务）越来越流行。服务端提供API，APP端或者网页前端便可方便调用数据。用ShowDoc可以非常方便快速地编写出美观的API文档。\n\n- #### 数据字典（ [查看Demo](http://doc.star7th.com/1)）\n\n	一份好的数据字典可以很方便地向别人说明你的数据库结构，如各个字段的释义等。\n\n- #### 说明文档\n\n	你完全可以使用showdoc来编写一些工具的说明书。例如你正在看的教程说明便是用showdoc编辑的。你也可以编写一些技术规范说明文档以供团队查阅\n\n###它都有些什么功能\n\n	\n- ####分享与导出\n\n	- 响应式网页设计，可将项目文档分享到电脑或移动设备查看。同时也可以将项目导出成word文件，以便离线浏览。\n\n- ####权限管理\n	- 公开项目与私密项目\n		\n		ShowDoc上的项目有公开项目和私密项目两种。公开项目可供任何登录与非登录的用户访问，而私密项目则需要输入密码验证访问。密码由项目创建者设置。\n	\n	- 项目转让\n		\n		项目创建者可以自由地把项目转让给网站的其他用户。\n		\n	- 项目成员\n		\n		你可以很方便地为ShowDoc的项目添加、删除项目成员。项目成员可以对项目进行编辑，但不可转让或删除项目（只有项目创建者才有权限）\n- ####编辑功能\n	- markdown编辑\n		\n		ShowDoc采用markdown编辑器，无论是编辑还是阅读体验都极佳很棒。如果你不了解Markdown，请在搜索引擎搜索&amp;quot;认识与入门 Markdown&amp;quot;\n	\n	- 模板插入\n	\n		在ShowDoc的编辑页面，点击编辑器上方的按钮可方便地插入API接口模板和数据字典模板。插入模板后，剩下的就是改动数据了，省去了很多编辑的力气。 \n	\n	- 历史版本\n	\n		ShowDoc为页面提供历史版本功能，你可以方便地把页面恢复到之前的版本。\n\n\n###部署到自己的服务器\n\n- 环境要求\n	\n	PHP5.3以上版本、php-mbstring模块、php-pdo模块、php-gd库、mysql数据库\n\n- 克隆或者下载代码：\n\n	[https://github.com/star7th/showdoc](https://github.com/star7th/showdoc;)\n\n- 导入数据库\n\n	下载代码后，将跟目录的showdoc.sql文件导入mysql数据库\n\n- 修改配置文件\n\n	进入Application/Common/Conf/目录，编辑config.php文件，填写相应的数据库信息\n\n- 目录权限\n\n	请确保Application/Runtime 和 Public/Uploads 有可写权限\n\n- 错误排查\n\n	部署时出错，请先确认是否按照上面步骤执行（例如说目录权限有没有）。然后进Application/Runtime/Log看一下日志，或清除下Application/Runtime/目录下所有文件（缓存来的）试试。再遇到无法解决的问题可联系我，联系方式有博客、github、邮件等。\n	\n- nginx下的重定向规则\n	\n	请参考：[http://blog.star7th.com/2016/03/1969.html](http://blog.star7th.com/2016/03/1969.html)\n	\n###使用在线的ShowDoc\n\n- 如果你没有自己的服务器，但又想使用ShowDoc作为分档分享工具，你可以使用在线的ShowDoc   [http://doc.star7th.com](http://doc.star7th.com/index.php/home/user/login)\n\n- http://doc.star7th.com 作为在线服务会长期维护，请放心托管你的文档数据，不用担心突然关站的问题。如对数据非常敏感的个人或企业，还是把ShowDoc部署到自己的服务器比较好。\n\n###版权\n\n- ShowDoc遵循Apache2开源协议发布，并提供免费使用。  \n版权所有Copyright © 2015 by star7th  [http://blog.star7th.com](http://blog.star7th.com)  \nAll rights reserved.', '99', '1460433316');
INSERT INTO `page` VALUES ('15', '1', 'showdoc', '2', '3', 'user', '-  用户表，储存用户信息\n\n|字段|类型|空|默认|注释|\n|:----    |:-------    |:--- |-- -|------      |\n|uid	  |int(10)     |否	|	 |	           |\n|username |varchar(20) |否	|    |	 用户名	|\n|groupid  |tinyint(2)   |否	|  2  |	 1为管理员，2为普通用户。此字段保留方便以后扩展	|\n|password |varchar(50) |否   |    |	 密码		 |\n|avatar |varchar(200) |是   |    |	 头像		 |\n|avatar_small |varchar(200) |是   |    |	 小头像	 |\n|email |varchar(50) |否   |    |	 邮箱		 |\n|name     |varchar(15) |是   |    |    昵称     |\n|reg_time |int(11)     |否   | 0  |   注册时间  |\n|last_login_time |int(11)     |否   | 0  |   最后一次登录时间  |\n\n- 备注：无\n\n', '99', '1448590754');
INSERT INTO `page` VALUES ('16', '1', 'showdoc', '2', '3', 'page', '-  页面表，保存编辑的页面内容\n\n|字段|类型|空|默认|注释|\n|:----    |:-------    |:--- |-- -|------      |\n|page_id |int(10) |否	|  0  |	 页面自增id	|\n|author_uid |int(10) |否   |  0  |	 页面作者uid		 |\n|author_username     |varchar(50) |否   |    |    页面作者用户名     |\n|item_id |int(10)     |否   | 0  |   项目id  |\n|cat_id |int(10)     |否   | 0  |   父目录id  |\n|page_title |varchar(50)	    |否   |   |   页面标题  |\n|page_content  |text     |否   |   |   页面内容  |\n|order |int(10)     |否   | 99  |   顺序号。数字越小越靠前  |\n|addtime |int(11)     |否   | 0  |   该记录添加的时间。可认为是页面的修改时间  |\n\n- 备注：无\n\n\n', '99', '1448590719');
INSERT INTO `page` VALUES ('17', '1', 'showdoc', '2', '3', 'item', '-  项目表，储存项目信息\n\n|字段|类型|空|默认|注释|\n|:----    |:-------    |:--- |-- -|------      |\n|item_id	  |int(10)     |否	|	 |	 项目id、自增id          |\n|item_name |varchar(50) |否	|    |	 项目名	|\n|item_description |varchar(225) |否   |    |	 项目描述		 |\n|uid     |int(10) |是   |    |    创建人uid     |\n|username |varchar(50)     |否   |   |   创建人用户名  |\n|username |varchar(50)     |否   |   |   创建人用户名  |\n|password |varchar(50)     |否   |   |   项目密码。可为空。空表示可以公开访问的项目  |\n|addtime |int(11)     |否   |   |   项目添加的时间，时间戳  |\n\n- 备注：无\n\n', '99', '1448590742');
INSERT INTO `page` VALUES ('47', '2', 'admin', '7', '9', '登录接口', '简要描述：\n\n- 手机直播伴侣登录\n\n  \n**请求方法：**\n- m_user_login \n  \n**请求方式：**\n- POST \n\n**参数：** \n\n|参数名|必选|类型|说明|\n|:----    |:---|:----- |-----   |\n|username |是  |string |用户名   |\n|pwd	  |是  |string | 密码(明文)    |\n|device_token     |否  |string | 唯一字符串加密(自定义)    |\n|from_cookie     |否  |string | 空(若有值，则密码从cookie获取)    |\n|user_type     |否  |string | 限制登录类型(user,blocked,anchor,agent)   |\n\n **返回示例**\n\n``` \n{\n    &quot;jsonrpc&quot;:&quot;2.0&quot;,\n    &quot;id&quot;:&quot;e2dae6bc-595a-4281-8c84-8190c623ff46&quot;,\n    &quot;result&quot;:{\n        &quot;data&quot;:{\n            &quot;id&quot;:&quot;100488329&quot;,\n            &quot;icon&quot;:&quot;1004883291396278410.jpg&quot;,\n            &quot;username&quot;:&quot;liuxitong&quot;,\n            &quot;nickname&quot;:&quot;兰花草@&quot;,\n            &quot;user_type&quot;:&quot;anchor&quot;,\n            &quot;password&quot;:&quot;2cd57c4e9fbcce37bfc372330569a68e&quot;,\n            &quot;hearts&quot;:&quot;82&quot;,\n            &quot;has_altered_pwd&quot;:1,\n            &quot;can_m_alter_username&quot;:1,\n            &quot;realname&quot;:null,\n            &quot;address&quot;:null,\n            &quot;phone&quot;:&quot;&quot;,\n            &quot;phone2&quot;:null,\n            &quot;email&quot;:&quot;&quot;,\n            &quot;gender&quot;:&quot;0&quot;,\n            &quot;pos&quot;:&quot;未知&quot;,\n            &quot;qq&quot;:&quot;0&quot;,\n            &quot;room_id&quot;:&quot;202842&quot;,\n            &quot;fans&quot;:0,\n            &quot;notice&quot;:&quot;&quot;\n        },\n        &quot;auth&quot;:{\n            &quot;openkey&quot;:&quot;bd5322e024f491f9&quot;,\n            &quot;timestamp&quot;:1463124999,\n            &quot;openid&quot;:&quot;100488329&quot;\n        },\n        &quot;secret&quot;:&quot;549a8cae9c&quot;,\n        &quot;s&quot;:1\n    }\n}\n                    \n```\n **返回参数说明** \n\n|参数名|类型|说明|\n|:-----  |:-----|-----                           |\n|secret |string   |登录秘钥  |\n|s |int   |请求状态 0 失败 1 成功 2 用户类型受限  |\n\n **返回result参数说明** \n\n|参数名|类型|说明|\n|:-----  |:-----|-----                           |\n|id |int   |用户ID  |\n|icon |string   |用户头像  |\n|username |string   |用户名  |\n|nickname |string   |用户昵称  |\n|user_type |string   |用户类型(user,blocked,anchor,agent)  |\n|password |string   |密码  |\n|hearts |int   |用户乐豆  |\n|has_altered_pwd |int   |是否修改过密码（0 : 1）|\n|can_m_alter_username |int   |是否修改过用户名（0 : 1）|\n|realname |string   |真实姓名|\n|address |string   |用户地址|\n|phone |int   |手机号码|\n|phone2 |int   |手机号码(德州用的)|\n|email |string   |用户邮箱地址|\n|gender |int   |0 未知， 1 男，2 女|\n|pos |int   |位置，最小单位|\n|qq |int   |QQ号|\n|room_id |int   |直播房间号|\n|fans |int   |用户粉丝数|\n|notice |string   |用户公聊公告|\n\n **返回auth参数说明** \n\n|参数名|类型|说明|\n|:-----  |:-----|-----                           |\n|openkey |int   |登录验证key  |\n|timestamp |string   |请求时间 (时间戳格式)  |\n|openid |string   |用户ID  |\n\n\n', '99', '1463127223');
INSERT INTO `page` VALUES ('49', '2', 'admin', '7', '9', '设置房间公告', '    \n**简要描述：** \n\n- 设置房间公告接口\n  \n**请求方法：**\n- m_set_notice \n\n**请求方式：**\n- POST \n\n**参数：** \n\n|参数名|必选|类型|说明|\n|:----    |:---|:----- |-----   |\n|uid |是  |int |用户uid   |\n|secret |是  |string | 登录秘钥(登录时返回secret)    |\n|room_id     |是  |int | 房间id    |\n|content1     |否  |string | 房间公聊公告(必填)    |\n|content2     |否  |string | 房间私聊公告(非必填)    |\n\n **返回示例**\n\n``` \n  {\n    &quot;jsonrpc&quot;:&quot;2.0&quot;,\n    &quot;id&quot;:&quot;3a56d897-0e2e-4282-b094-380c5d36cd21&quot;,\n    &quot;result&quot;:{\n        &quot;s&quot;:1,\n        &quot;data&quot;:&quot;设置成功&quot;\n    }\n}\n```\n\n **返回参数说明** \n\n|参数名|类型|说明|\n|:-----  |:-----|-----                           |\n|s |int   |请求状态 0 失败 1 成功 |\n|data |string   |请求结果 |\n', '99', '1463127818');
INSERT INTO `page` VALUES ('50', '2', 'admin', '7', '9', '主播获得礼物排行榜', '简要描述：\n\n- 主播获得礼物排行榜\n\n  \n**请求方法：**\n- m_room_rankgift \n  \n**请求方式：**\n- POST \n\n**参数：** \n\n|参数名|必选|类型|说明|\n|:----    |:---|:----- |-----   |\n|uid	 |是  |int |用户uid   |\n|secret	  |是  |string | 登录秘钥(登录时返回secret)   |\n|room_id	|是  |int | 房间id |\n|type     |是  |string |排行类型(day,week,month)=&gt;(当天,本周,本月)|\n\n **返回示例**\n\n``` \n{\n    &quot;jsonrpc&quot;:&quot;2.0&quot;,\n    &quot;id&quot;:&quot;6795c653-8130-4438-a617-b3aa2663a05b&quot;,\n    &quot;result&quot;:{\n        &quot;天使之恋&quot;:&quot;14&quot;,\n        &quot;一见钟情&quot;:&quot;7&quot;,\n        &quot;拜堂&quot;:&quot;3&quot;\n    }\n}\n                    \n```\n\n **返回result参数说明** \n\n|参数名|类型|说明|\n|:-----  |:-----|-----                           |\n|key |string   |礼物名称  |\n|value |int   |次数  |\n\n\n', '99', '1463127828');
INSERT INTO `page` VALUES ('51', '2', 'admin', '7', '9', '直播间房间信息', '简要描述：\n\n- 主播获得礼物排行榜\n\n  \n**请求方法：**\n- m_room_info \n  \n**请求方式：**\n- POST \n\n**参数：** \n\n|参数名|必选|类型|说明|\n|:----    |:---|:----- |-----   |\n|uid	 |是  |int |用户uid   |\n|secret	  |是  |string | 登录秘钥(登录时返回secret)   |\n|room_id	|是  |int | 房间id |\n\n **返回示例**\n\n``` \n\n{\n    &quot;jsonrpc&quot;:&quot;2.0&quot;,\n    &quot;id&quot;:&quot;f86e7299-b46a-4ed9-ae6b-8ae265bd5a0b&quot;,\n    &quot;result&quot;:{\n        &quot;s&quot;:1,\n        &quot;data&quot;:{\n            &quot;room&quot;:{\n                &quot;id&quot;:&quot;202842&quot;,\n                &quot;name&quot;:&quot;自动生成房间202842&quot;,\n                &quot;poster_url&quot;:&quot;photo_5321946e74cd2.jpg&quot;,\n                &quot;poster_url2&quot;:&quot;&quot;,\n                &quot;status&quot;:&quot;1&quot;,\n                &quot;type&quot;:&quot;1&quot;,\n                &quot;start_time&quot;:&quot;2016-05-13 14:21:05&quot;,\n                &quot;end_time&quot;:&quot;2016-05-13 14:21:05&quot;,\n                &quot;max_num&quot;:&quot;500&quot;,\n                &quot;maxonline&quot;:&quot;1&quot;,\n                &quot;agent_id&quot;:&quot;100458669&quot;,\n                &quot;user_id&quot;:&quot;100001200&quot;,\n                &quot;anchors&quot;:&quot;100488329&quot;,\n                &quot;description&quot;:&quot;&quot;,\n                &quot;created_at&quot;:&quot;2014-03-13 19:18:28&quot;,\n                &quot;site&quot;:&quot;0&quot;,\n                &quot;visible_qzone&quot;:&quot;1&quot;,\n                &quot;hifi&quot;:&quot;day&quot;,\n                &quot;style&quot;:&quot;0&quot;,\n                &quot;visible&quot;:&quot;1&quot;,\n                &quot;stream_name&quot;:&quot;f92e51b970121f7df8c40b3086cdb069&quot;,\n                &quot;boiling&quot;:&quot;0&quot;,\n                &quot;ghstatus&quot;:&quot;0&quot;,\n                &quot;esq_status&quot;:&quot;8&quot;,\n                &quot;ghid&quot;:&quot;0&quot;\n            },\n            &quot;anchor&quot;:{\n                &quot;id&quot;:&quot;100488329&quot;,\n                &quot;cost_level&quot;:&quot;8&quot;,\n                &quot;received_level&quot;:&quot;21&quot;,\n                &quot;icon&quot;:&quot;1004883291396278410.jpg&quot;,\n                &quot;username&quot;:&quot;liuxitong&quot;,\n                &quot;nickname&quot;:&quot;兰花草@&quot;,\n                &quot;user_type&quot;:&quot;anchor&quot;,\n                &quot;tag&quot;:&quot;&quot;,\n                &quot;vip_lv&quot;:&quot;0&quot;,\n                &quot;sort_index&quot;:&quot;8&quot;,\n                &quot;is_stealth&quot;:&quot;0&quot;\n            },\n            &quot;fans_num&quot;:0,\n            &quot;is_followed&quot;:0,\n            &quot;is_guard&quot;:0,\n            &quot;openid&quot;:&quot;100488329&quot;,\n            &quot;openkey&quot;:&quot;68be610ebeef0f60&quot;,\n            &quot;timestamp&quot;:1463128053,\n            &quot;gserver&quot;:{\n                &quot;ip&quot;:&quot;192.168.1.201&quot;,\n                &quot;port&quot;:&quot;5588&quot;,\n                &quot;policyUrl&quot;:&quot;192.168.1.201&quot;,\n                &quot;policyPort&quot;:&quot;12121&quot;\n            }\n        }\n    }\n}\n                    \n```\n **返回参数说明** \n\n|参数名|类型|说明|\n|:-----  |:-----|-----                           |\n|s |int   |请求状态 0 失败 1 成功  |\n|fans_num |string   |0  |\n|is_followed |string   |0  |\n|is_guard |string   |0  |\n|openkey |string   |登录验证key  |\n|timestamp |string   |请求时间(时间戳)  |\n\n\n **返回room参数说明** \n\n|参数名|类型|说明|\n|:-----  |:-----|-----                           |\n|id |int   |房间号  |\n|name |string   |房间名  |\n|poster_url |string   |海报图片路径  |\n|poster_url2 |string   |海报图片路径2  |\n|status |string   |4：未直播，1:正在直播|\n|type |string   |房间类型|\n|start_time |int   |开始直播时间|\n|end_time |int   |结束直播时间|\n|max_num |int   |房间最大在线数量|\n|maxonline |string   |房间在线人数|\n|agent_id |string   |代理id(运营账号)|\n|user_id |int   |暂无用处|\n|anchors |int   |主播id|\n|description |string   |被禁用原因描述。|\n|created_at |int   |0 未知， 1 男，2 女|\n|site |int   |0=0058,1=PINGJU|\n|visible_qzone |int   |是否在空间显示 1 显示，2 不显示|\n|hifi |int   |1 高清直播， 0 非高清|\n|style |int   |直播间类型 0 = 普通单主播直播间，1 = 大视频直播间，2=家族直播间|\n|visible |string   |是否显示在首页等其他地方|\n|stream_name |string   |用户公聊公告|\n|boiling |string   |直播期间 热度值 下播清零|\n|ghstatus |string   |0公会审核通过待客服审核 1客服审核通过|\n|esq_status |string   |客服审核状态  0 未审核 1 已通过 2 已拒绝 8 一月一号以前开通的主播|\n|ghid |string   |公会id|\n\n\n **返回anchor参数说明** \n\n|参数名|类型|说明|\n|:-----  |:-----|-----                           |\n|id |int   |房间号  |\n|cost_level |string   |房间名  |\n|received_level |string   |海报图片路径  |\n|icon |string   |海报图片路径2  |\n|username |string   |4：未直播，1:正在直播|\n|nickname |string   |房间类型|\n|user_type |int   |开始直播时间|\n|tag |int   |结束直播时间|\n|vip_lv |int   |房间最大在线数量|\n|sort_index |string   |房间在线人数|\n|is_stealth |string   |代理id(运营账号)|\n\n\n **返回auth参数说明** \n\n|参数名|类型|说明|\n|:-----  |:-----|-----                           |\n|openkey |int   |登录验证key  |\n|timestamp |string   |请求时间 (时间戳格式)  |\n|openid |string   |用户ID  |\n\n\n', '99', '1463131068');
INSERT INTO `page` VALUES ('52', '2', 'admin', '7', '9', '直播间的直播资源url', '简要描述：\n\n- 直播间的直播资源url\n\n  \n**请求方法：**\n- m_room_resurl \n  \n**请求方式：**\n- POST \n\n**参数：** \n\n|参数名|必选|类型|说明|\n|:----    |:---|:----- |-----   |\n|uid	 |是  |int |用户uid   |\n|secret	  |是  |string | 登录秘钥(登录时返回secret)   |\n|room_id	|是  |int | 房间id |\n\n **返回示例**\n\n``` \n\n{\n    &quot;jsonrpc&quot;:&quot;2.0&quot;,\n    &quot;id&quot;:&quot;65ef40d4-1d50-4692-9e36-304319600da5&quot;,\n    &quot;result&quot;:{\n        &quot;s&quot;:1,\n        &quot;data&quot;:{\n            &quot;live_url&quot;:&quot;rtmp:\\/\\/video.0058.com\\/RoomVideoChat&quot;,\n            &quot;chat_url&quot;:&quot;192.168.1.201:8855&quot;,\n            &quot;stream&quot;:&quot;a8f2bd5a5dfac3d7fe79442af35ed726&quot;,\n            &quot;is_lian&quot;:0\n        }\n    }\n}\n                    \n```\n **返回参数说明** \n\n|参数名|类型|说明|\n|:-----  |:-----|-----                           |\n|s |int   |请求状态 0 失败 1 成功  |\n\n\n **返回data参数说明** \n\n|参数名|类型|说明|\n|:-----  |:-----|-----                           |\n|live_url |string   |Rtmp直播live  |\n|chat_url |string   |服务器地址  |\n|stream |string   |流媒体  |\n|is_lian |string   |是否连麦房，0 否 1 是|\n', '99', '1463379444');
INSERT INTO `page` VALUES ('53', '2', 'admin', '7', '9', '直播间结束获取新增乐豆和观众人数', '简要描述：\n\n- 直播间结束获取新增乐豆和观众人数\n\n  \n**请求方法：**\n- m_room_over \n  \n**请求方式：**\n- POST \n\n**参数：** \n\n|参数名|必选|类型|说明|\n|:----    |:---|:----- |-----   |\n|uid	 |是  |int |用户uid   |\n|secret	  |是  |string | 登录秘钥(登录时返回secret)   |\n|room_id	|是  |int | 房间id |\n\n **返回示例**\n\n``` \n\n{\n    &quot;jsonrpc&quot;:&quot;2.0&quot;,\n    &quot;id&quot;:&quot;23bbd54a-99e2-4b20-80eb-6b5a4f9e1faa&quot;,\n    &quot;result&quot;:{\n        &quot;s&quot;:1,\n        &quot;data&quot;:{\n            &quot;s&quot;:&quot;1&quot;,\n            &quot;data&quot;:{\n                &quot;onlines&quot;:0,\n                &quot;beans&quot;:0\n            }\n        }\n    }\n}\n                    \n```\n **返回参数说明** \n\n|参数名|类型|说明|\n|:-----  |:-----|-----                           |\n|s |int   |请求状态 0 失败 1 成功  |\n\n\n **返回data参数说明** \n\n|参数名|类型|说明|\n|:-----  |:-----|-----                           |\n|onlines |string   |本场直播在线人数  |\n|beans |string   |本场直播新增乐豆|\n', '99', '1463388905');
INSERT INTO `page` VALUES ('54', '2', 'admin', '7', '9', '直播间开始直播', '简要描述：\n\n- 直播间开始直播\n\n  \n**请求方法：**\n- m_room_start_live \n  \n**请求方式：**\n- POST \n\n**参数：** \n\n|参数名|必选|类型|说明|\n|:----    |:---|:----- |-----   |\n|uid	 |是  |int |用户uid   |\n|secret	  |是  |string | 登录秘钥(登录时返回secret)   |\n|room_id	|是  |int | 房间id |\n|dpi		|是  |int | 分辨率(1:高清 0 普通) |\n\n **返回示例**\n\n``` \n\n{\n    &quot;jsonrpc&quot;:&quot;2.0&quot;,\n    &quot;id&quot;:&quot;c02349be-9107-46f8-8e46-e2dc5fedf186&quot;,\n    &quot;result&quot;:{\n        &quot;s&quot;:1,\n        &quot;data&quot;:{\n            &quot;s&quot;:1,\n            &quot;data&quot;:1463389047\n        }\n    }\n}\n                    \n```\n **返回参数说明** \n\n|参数名|类型|说明|\n|:-----  |:-----|-----                           |\n|s |int   |请求状态 0 失败 1 成功  |\n|data |int   |开始播放时间戳  |\n\n', '99', '1463389098');
INSERT INTO `page` VALUES ('55', '2', 'admin', '7', '9', '直播间结束直播', '简要描述：\n\n- 直播间结束直播\n\n  \n**请求方法：**\n- m_room_end_live \n  \n**请求方式：**\n- POST \n\n**参数：** \n\n|参数名|必选|类型|说明|\n|:----    |:---|:----- |-----   |\n|uid	 |是  |int |用户uid   |\n|secret	  |是  |string | 登录秘钥(登录时返回secret)   |\n|room_id	|是  |int | 房间id |\n\n **返回示例**\n\n``` \n\n{\n    &quot;jsonrpc&quot;:&quot;2.0&quot;,\n    &quot;id&quot;:&quot;c02349be-9107-46f8-8e46-e2dc5fedf186&quot;,\n    &quot;result&quot;:{\n        &quot;s&quot;:1,\n        &quot;data&quot;:{\n            &quot;s&quot;:1,\n            &quot;data&quot;:1463389047\n        }\n    }\n}\n                    \n```\n **返回参数说明** \n\n|参数名|类型|说明|\n|:-----  |:-----|-----                           |\n|s |int   |请求状态 0 失败 1 成功  |\n|data |int   |结束播放时间戳  |', '99', '1463389139');
INSERT INTO `page` VALUES ('56', '2', 'admin', '7', '9', '获取主播的乐豆数量', '简要描述：\n\n- 获取主播的乐豆数量\n\n  \n**请求方法：**\n- m_get_anchor_beans \n  \n**请求方式：**\n- POST \n\n**参数：** \n\n|参数名|必选|类型|说明|\n|:----    |:---|:----- |-----   |\n|uid	 |是  |int |用户uid   |\n|secret	  |是  |string | 登录秘钥(登录时返回secret)   |\n\n **返回示例**\n\n``` \n\n{\n    &quot;jsonrpc&quot;:&quot;2.0&quot;,\n    &quot;id&quot;:&quot;43f68dd8-655a-4805-8885-a02fa7888875&quot;,\n    &quot;result&quot;:{\n        &quot;s&quot;:1,\n        &quot;data&quot;:{\n            &quot;s&quot;:1,\n            &quot;data&quot;:&quot;6600000000&quot;\n        }\n    }\n}\n                    \n```\n **返回参数说明** \n\n|参数名|类型|说明|\n|:-----  |:-----|-----                           |\n|s |int   |请求状态 0 失败 1 成功  |\n|data |int   |乐豆数量  |', '99', '1463389301');
INSERT INTO `page` VALUES ('57', '2', 'admin', '7', '9', '更新主播结束时间', '简要描述：\n\n- 定时更新主播结束时间\n\n  \n**请求方法：**\n- m_room_update_endtime \n  \n**请求方式：**\n- POST \n\n**参数：** \n\n|参数名|必选|类型|说明|\n|:----    |:---|:----- |-----   |\n|uid	 |是  |int |用户uid   |\n|secret	  |是  |string | 登录秘钥(登录时返回secret)   |\n|room_id	  |是  |int | 房间号 |\n\n **返回示例**\n\n``` \n\n{\n    &quot;jsonrpc&quot;:&quot;2.0&quot;,\n    &quot;id&quot;:&quot;12828206-b8be-499d-8a50-200ec26f4a1e&quot;,\n    &quot;result&quot;:{\n        &quot;s&quot;:1,\n        &quot;data&quot;:1463465293\n    }\n}\n                    \n```\n **返回result参数说明** \n\n|参数名|类型|说明|\n|:-----  |:-----|-----                           |\n|s |int   |请求状态 0 失败 1 成功  |\n|data |int   |返回时间戳  |', '99', '1463465348');

-- ----------------------------
-- Table structure for `page_history`
-- ----------------------------
DROP TABLE IF EXISTS `page_history`;
CREATE TABLE `page_history` (
  `page_history_id` int(10) NOT NULL AUTO_INCREMENT,
  `page_id` int(10) NOT NULL DEFAULT '0',
  `author_uid` int(10) NOT NULL DEFAULT '0' COMMENT '页面作者uid',
  `author_username` varchar(50) NOT NULL DEFAULT '' COMMENT '页面作者名字',
  `item_id` int(10) NOT NULL DEFAULT '0',
  `cat_id` int(10) NOT NULL DEFAULT '0',
  `page_title` varchar(50) NOT NULL DEFAULT '',
  `page_content` text NOT NULL,
  `order` int(10) NOT NULL DEFAULT '99' COMMENT '顺序号。数字越小越靠前。若此值全部为0则按时间排序',
  `addtime` int(11) NOT NULL DEFAULT '0',
  PRIMARY KEY (`page_history_id`),
  KEY `page_id` (`page_id`),
  KEY `addtime` (`addtime`)
) ENGINE=MyISAM AUTO_INCREMENT=42 DEFAULT CHARSET=utf8 COMMENT='页面历史表';

-- ----------------------------
-- Records of page_history
-- ----------------------------
INSERT INTO `page_history` VALUES ('1', '47', '2', 'admin', '7', '0', '默认页面', '\n    \n**简要描述：手机直播伴侣登录 \n\n- 用户注册接口\n\n**请求URL：** \n- ` http://xx.com/api/user/register `\n  \n**请求方式：**\n- POST \n\n**参数：** \n\n|参数名|必选|类型|说明|\n|:----    |:---|:----- |-----   |\n|username |是  |string |用户名   |\n|password |是  |string | 密码    |\n|name     |否  |string | 昵称    |\n\n **返回示例**\n\n``` \n  {\n    &quot;error_code&quot;: 0,\n    &quot;data&quot;: {\n      &quot;uid&quot;: &quot;1&quot;,\n      &quot;username&quot;: &quot;12154545&quot;,\n      &quot;name&quot;: &quot;吴系挂&quot;,\n      &quot;groupid&quot;: 2 ,\n      &quot;reg_time&quot;: &quot;1436864169&quot;,\n      &quot;last_login_time&quot;: &quot;0&quot;,\n    }\n  }\n```\n\n **返回参数说明** \n\n|参数名|类型|说明|\n|:-----  |:-----|-----                           |\n|groupid |int   |用户组id，1：超级管理员；2：普通用户  |\n\n **备注** \n\n- 更多返回错误代码请看首页的错误代码描述\n\n\n', '99', '1463124265');
INSERT INTO `page_history` VALUES ('2', '47', '2', 'admin', '7', '0', '默认页面', '\n简要描述：\n\n- 手机直播伴侣登录\n\n**请求URL：** \n- ` http://xx.com/api/user/register `\n  \n**请求方式：**\n- POST \n\n**参数：** \n\n|参数名|必选|类型|说明|\n|:----    |:---|:----- |-----   |\n|username |是  |string |用户名   |\n|password |是  |string | 密码    |\n|name     |否  |string | 昵称    |\n\n **返回示例**\n\n``` \n  {\n    &quot;error_code&quot;: 0,\n    &quot;data&quot;: {\n      &quot;uid&quot;: &quot;1&quot;,\n      &quot;username&quot;: &quot;12154545&quot;,\n      &quot;name&quot;: &quot;吴系挂&quot;,\n      &quot;groupid&quot;: 2 ,\n      &quot;reg_time&quot;: &quot;1436864169&quot;,\n      &quot;last_login_time&quot;: &quot;0&quot;,\n    }\n  }\n```\n\n **返回参数说明** \n\n|参数名|类型|说明|\n|:-----  |:-----|-----                           |\n|groupid |int   |用户组id，1：超级管理员；2：普通用户  |\n\n **备注** \n\n- 更多返回错误代码请看首页的错误代码描述\n\n\n\n**简要描述：手机直播伴侣登录 \n\n- 用户注册接口\n\n**请求URL：** \n- ` http://xx.com/api/user/register `\n  \n**请求方式：**\n- POST \n\n**参数：** \n\n|参数名|必选|类型|说明|\n|:----    |:---|:----- |-----   |\n|username |是  |string |用户名   |\n|password |是  |string | 密码    |\n|name     |否  |string | 昵称    |\n\n **返回示例**\n\n``` \n  {\n    &quot;error_code&quot;: 0,\n    &quot;data&quot;: {\n      &quot;uid&quot;: &quot;1&quot;,\n      &quot;username&quot;: &quot;12154545&quot;,\n      &quot;name&quot;: &quot;吴系挂&quot;,\n      &quot;groupid&quot;: 2 ,\n      &quot;reg_time&quot;: &quot;1436864169&quot;,\n      &quot;last_login_time&quot;: &quot;0&quot;,\n    }\n  }\n```\n\n **返回参数说明** \n\n|参数名|类型|说明|\n|:-----  |:-----|-----                           |\n|groupid |int   |用户组id，1：超级管理员；2：普通用户  |\n\n **备注** \n\n- 更多返回错误代码请看首页的错误代码描述\n\n\n', '99', '1463124311');
INSERT INTO `page_history` VALUES ('3', '47', '2', 'admin', '7', '0', '默认页面', '\n简要描述：\n\n- 手机直播伴侣登录\n\n**请求URL：** \n- ` http://60.174.249.98:8002/api/rpc/mpc.php `\n  \n**请求方式：**\n- POST \n\n**参数：** \n\n|参数名|必选|类型|说明|\n|:----    |:---|:----- |-----   |\n|username |是  |string |用户名   |\n|password |是  |string | 密码    |\n|name     |否  |string | 昵称    |\n\n **返回示例**\n\n``` \n  {\n    &quot;error_code&quot;: 0,\n    &quot;data&quot;: {\n      &quot;uid&quot;: &quot;1&quot;,\n      &quot;username&quot;: &quot;12154545&quot;,\n      &quot;name&quot;: &quot;吴系挂&quot;,\n      &quot;groupid&quot;: 2 ,\n      &quot;reg_time&quot;: &quot;1436864169&quot;,\n      &quot;last_login_time&quot;: &quot;0&quot;,\n    }\n  }\n```\n\n **返回参数说明** \n\n|参数名|类型|说明|\n|:-----  |:-----|-----                           |\n|groupid |int   |用户组id，1：超级管理员；2：普通用户  |\n\n **备注** \n\n- 更多返回错误代码请看首页的错误代码描述\n\n\n\n**简要描述：手机直播伴侣登录 \n\n- 用户注册接口\n\n**请求URL：** \n- ` http://xx.com/api/user/register `\n  \n**请求方式：**\n- POST \n\n**参数：** \n\n|参数名|必选|类型|说明|\n|:----    |:---|:----- |-----   |\n|username |是  |string |用户名   |\n|password |是  |string | 密码    |\n|name     |否  |string | 昵称    |\n\n **返回示例**\n\n``` \n  {\n    &quot;error_code&quot;: 0,\n    &quot;data&quot;: {\n      &quot;uid&quot;: &quot;1&quot;,\n      &quot;username&quot;: &quot;12154545&quot;,\n      &quot;name&quot;: &quot;吴系挂&quot;,\n      &quot;groupid&quot;: 2 ,\n      &quot;reg_time&quot;: &quot;1436864169&quot;,\n      &quot;last_login_time&quot;: &quot;0&quot;,\n    }\n  }\n```\n\n **返回参数说明** \n\n|参数名|类型|说明|\n|:-----  |:-----|-----                           |\n|groupid |int   |用户组id，1：超级管理员；2：普通用户  |\n\n **备注** \n\n- 更多返回错误代码请看首页的错误代码描述\n\n\n', '99', '1463124353');
INSERT INTO `page_history` VALUES ('4', '47', '2', 'admin', '7', '0', '默认页面', '简要描述：\n\n- 手机直播伴侣登录\n\n**请求URL：** \n- ` http://60.174.249.98:8002/api/rpc/mpc.php `\n  \n**请求方法：**\n- m_user_login \n  \n**请求方式：**\n- POST \n\n**参数：** \n\n|参数名|必选|类型|说明|\n|:----    |:---|:----- |-----   |\n|username |是  |string |用户名   |\n|pwd	  |是  |string | 密码(明文)    |\n|device_token     |否  |string | 唯一字符串加密(自定义)    |\n|from_cookie     |否  |string | 空(若有值，则密码从cookie获取)    |\n|user_type     |否  |string | 限制登录类型(user,blocked,anchor,agent)   |\n\n **返回示例**\n\n``` \n  {\n    &quot;error_code&quot;: 0,\n    &quot;data&quot;: {\n      &quot;uid&quot;: &quot;1&quot;,\n      &quot;username&quot;: &quot;12154545&quot;,\n      &quot;name&quot;: &quot;吴系挂&quot;,\n      &quot;groupid&quot;: 2 ,\n      &quot;reg_time&quot;: &quot;1436864169&quot;,\n      &quot;last_login_time&quot;: &quot;0&quot;,\n    }\n  }\n```\n\n **返回参数说明** \n\n|参数名|类型|说明|\n|:-----  |:-----|-----                           |\n|groupid |int   |用户组id，1：超级管理员；2：普通用户  |\n\n **备注** \n\n- 更多返回错误代码请看首页的错误代码描述\n\n\n\n**简要描述：手机直播伴侣登录 \n\n- 用户注册接口\n\n**请求URL：** \n- ` http://xx.com/api/user/register `\n  \n**请求方式：**\n- POST \n\n**参数：** \n\n|参数名|必选|类型|说明|\n|:----    |:---|:----- |-----   |\n|username |是  |string |用户名   |\n|password |是  |string | 密码    |\n|name     |否  |string | 昵称    |\n\n **返回示例**\n\n``` \n  {\n    &quot;error_code&quot;: 0,\n    &quot;data&quot;: {\n      &quot;uid&quot;: &quot;1&quot;,\n      &quot;username&quot;: &quot;12154545&quot;,\n      &quot;name&quot;: &quot;吴系挂&quot;,\n      &quot;groupid&quot;: 2 ,\n      &quot;reg_time&quot;: &quot;1436864169&quot;,\n      &quot;last_login_time&quot;: &quot;0&quot;,\n    }\n  }\n```\n\n **返回参数说明** \n\n|参数名|类型|说明|\n|:-----  |:-----|-----                           |\n|groupid |int   |用户组id，1：超级管理员；2：普通用户  |\n\n **备注** \n\n- 更多返回错误代码请看首页的错误代码描述\n\n\n', '99', '1463124516');
INSERT INTO `page_history` VALUES ('5', '47', '2', 'admin', '7', '0', '手机直播伴侣登录', '简要描述：\n\n- 手机直播伴侣登录\n\n**请求URL：** \n- ` http://60.174.249.98:8002/api/rpc/mpc.php `\n  \n**请求方法：**\n- m_user_login \n  \n**请求方式：**\n- POST \n\n**参数：** \n\n|参数名|必选|类型|说明|\n|:----    |:---|:----- |-----   |\n|username |是  |string |用户名   |\n|pwd	  |是  |string | 密码(明文)    |\n|device_token     |否  |string | 唯一字符串加密(自定义)    |\n|from_cookie     |否  |string | 空(若有值，则密码从cookie获取)    |\n|user_type     |否  |string | 限制登录类型(user,blocked,anchor,agent)   |\n\n **返回示例**\n\n``` \n  {\n    &quot;error_code&quot;: 0,\n    &quot;data&quot;: {\n      &quot;uid&quot;: &quot;1&quot;,\n      &quot;username&quot;: &quot;12154545&quot;,\n      &quot;name&quot;: &quot;吴系挂&quot;,\n      &quot;groupid&quot;: 2 ,\n      &quot;reg_time&quot;: &quot;1436864169&quot;,\n      &quot;last_login_time&quot;: &quot;0&quot;,\n    }\n  }\n```\n\n **返回参数说明** \n\n|参数名|类型|说明|\n|:-----  |:-----|-----                           |\n|groupid |int   |用户组id，1：超级管理员；2：普通用户  |\n\n **备注** \n\n- 更多返回错误代码请看首页的错误代码描述\n\n\n\n**简要描述：手机直播伴侣登录 \n\n- 用户注册接口\n\n**请求URL：** \n- ` http://xx.com/api/user/register `\n  \n**请求方式：**\n- POST \n\n**参数：** \n\n|参数名|必选|类型|说明|\n|:----    |:---|:----- |-----   |\n|username |是  |string |用户名   |\n|password |是  |string | 密码    |\n|name     |否  |string | 昵称    |\n\n **返回示例**\n\n``` \n  {\n    &quot;error_code&quot;: 0,\n    &quot;data&quot;: {\n      &quot;uid&quot;: &quot;1&quot;,\n      &quot;username&quot;: &quot;12154545&quot;,\n      &quot;name&quot;: &quot;吴系挂&quot;,\n      &quot;groupid&quot;: 2 ,\n      &quot;reg_time&quot;: &quot;1436864169&quot;,\n      &quot;last_login_time&quot;: &quot;0&quot;,\n    }\n  }\n```\n\n **返回参数说明** \n\n|参数名|类型|说明|\n|:-----  |:-----|-----                           |\n|groupid |int   |用户组id，1：超级管理员；2：普通用户  |\n\n **备注** \n\n- 更多返回错误代码请看首页的错误代码描述\n\n\n', '99', '1463124677');
INSERT INTO `page_history` VALUES ('6', '47', '2', 'admin', '7', '0', '手机直播伴侣', '简要描述：\n\n- 手机直播伴侣登录\n\n**请求URL：** \n- ` http://60.174.249.98:8002/api/rpc/mpc.php `\n  \n**请求方法：**\n- m_user_login \n  \n**请求方式：**\n- POST \n\n**参数：** \n\n|参数名|必选|类型|说明|\n|:----    |:---|:----- |-----   |\n|username |是  |string |用户名   |\n|pwd	  |是  |string | 密码(明文)    |\n|device_token     |否  |string | 唯一字符串加密(自定义)    |\n|from_cookie     |否  |string | 空(若有值，则密码从cookie获取)    |\n|user_type     |否  |string | 限制登录类型(user,blocked,anchor,agent)   |\n\n **返回示例**\n\n``` \n  {\n    &quot;error_code&quot;: 0,\n    &quot;data&quot;: {\n      &quot;uid&quot;: &quot;1&quot;,\n      &quot;username&quot;: &quot;12154545&quot;,\n      &quot;name&quot;: &quot;吴系挂&quot;,\n      &quot;groupid&quot;: 2 ,\n      &quot;reg_time&quot;: &quot;1436864169&quot;,\n      &quot;last_login_time&quot;: &quot;0&quot;,\n    }\n  }\n```\n\n **返回参数说明** \n\n|参数名|类型|说明|\n|:-----  |:-----|-----                           |\n|groupid |int   |用户组id，1：超级管理员；2：普通用户  |\n\n **备注** \n\n- 更多返回错误代码请看首页的错误代码描述\n\n\n\n**简要描述：手机直播伴侣登录 \n\n- 用户注册接口\n\n**请求URL：** \n- ` http://xx.com/api/user/register `\n  \n**请求方式：**\n- POST \n\n**参数：** \n\n|参数名|必选|类型|说明|\n|:----    |:---|:----- |-----   |\n|username |是  |string |用户名   |\n|password |是  |string | 密码    |\n|name     |否  |string | 昵称    |\n\n **返回示例**\n\n``` \n  {\n    &quot;error_code&quot;: 0,\n    &quot;data&quot;: {\n      &quot;uid&quot;: &quot;1&quot;,\n      &quot;username&quot;: &quot;12154545&quot;,\n      &quot;name&quot;: &quot;吴系挂&quot;,\n      &quot;groupid&quot;: 2 ,\n      &quot;reg_time&quot;: &quot;1436864169&quot;,\n      &quot;last_login_time&quot;: &quot;0&quot;,\n    }\n  }\n```\n\n **返回参数说明** \n\n|参数名|类型|说明|\n|:-----  |:-----|-----                           |\n|groupid |int   |用户组id，1：超级管理员；2：普通用户  |\n\n **备注** \n\n- 更多返回错误代码请看首页的错误代码描述\n\n\n', '99', '1463124699');
INSERT INTO `page_history` VALUES ('7', '47', '2', 'admin', '7', '9', '手机直播伴侣', '简要描述：\n\n- 手机直播伴侣登录\n\n**请求URL：** \n- ` http://60.174.249.98:8002/api/rpc/mpc.php `\n  \n**请求方法：**\n- m_user_login \n  \n**请求方式：**\n- POST \n\n**参数：** \n\n|参数名|必选|类型|说明|\n|:----    |:---|:----- |-----   |\n|username |是  |string |用户名   |\n|pwd	  |是  |string | 密码(明文)    |\n|device_token     |否  |string | 唯一字符串加密(自定义)    |\n|from_cookie     |否  |string | 空(若有值，则密码从cookie获取)    |\n|user_type     |否  |string | 限制登录类型(user,blocked,anchor,agent)   |\n\n **返回示例**\n\n``` \n  {\n    &quot;error_code&quot;: 0,\n    &quot;data&quot;: {\n      &quot;uid&quot;: &quot;1&quot;,\n      &quot;username&quot;: &quot;12154545&quot;,\n      &quot;name&quot;: &quot;吴系挂&quot;,\n      &quot;groupid&quot;: 2 ,\n      &quot;reg_time&quot;: &quot;1436864169&quot;,\n      &quot;last_login_time&quot;: &quot;0&quot;,\n    }\n  }\n```\n\n **返回参数说明** \n\n|参数名|类型|说明|\n|:-----  |:-----|-----                           |\n|groupid |int   |用户组id，1：超级管理员；2：普通用户  |\n\n **备注** \n\n- 更多返回错误代码请看首页的错误代码描述\n\n\n\n**简要描述：手机直播伴侣登录 \n\n- 用户注册接口\n\n**请求URL：** \n- ` http://xx.com/api/user/register `\n  \n**请求方式：**\n- POST \n\n**参数：** \n\n|参数名|必选|类型|说明|\n|:----    |:---|:----- |-----   |\n|username |是  |string |用户名   |\n|password |是  |string | 密码    |\n|name     |否  |string | 昵称    |\n\n **返回示例**\n\n``` \n  {\n    &quot;error_code&quot;: 0,\n    &quot;data&quot;: {\n      &quot;uid&quot;: &quot;1&quot;,\n      &quot;username&quot;: &quot;12154545&quot;,\n      &quot;name&quot;: &quot;吴系挂&quot;,\n      &quot;groupid&quot;: 2 ,\n      &quot;reg_time&quot;: &quot;1436864169&quot;,\n      &quot;last_login_time&quot;: &quot;0&quot;,\n    }\n  }\n```\n\n **返回参数说明** \n\n|参数名|类型|说明|\n|:-----  |:-----|-----                           |\n|groupid |int   |用户组id，1：超级管理员；2：普通用户  |\n\n **备注** \n\n- 更多返回错误代码请看首页的错误代码描述\n\n\n', '99', '1463124755');
INSERT INTO `page_history` VALUES ('8', '47', '2', 'admin', '7', '9', '登录接口', '简要描述：\n\n- 手机直播伴侣登录\n\n**请求URL：** \n- ` http://60.174.249.98:8002/api/rpc/mpc.php `\n  \n**请求方法：**\n- m_user_login \n  \n**请求方式：**\n- POST \n\n**参数：** \n\n|参数名|必选|类型|说明|\n|:----    |:---|:----- |-----   |\n|username |是  |string |用户名   |\n|pwd	  |是  |string | 密码(明文)    |\n|device_token     |否  |string | 唯一字符串加密(自定义)    |\n|from_cookie     |否  |string | 空(若有值，则密码从cookie获取)    |\n|user_type     |否  |string | 限制登录类型(user,blocked,anchor,agent)   |\n\n **返回示例**\n\n``` \n  {\n    &quot;error_code&quot;: 0,\n    &quot;data&quot;: {\n      &quot;uid&quot;: &quot;1&quot;,\n      &quot;username&quot;: &quot;12154545&quot;,\n      &quot;name&quot;: &quot;吴系挂&quot;,\n      &quot;groupid&quot;: 2 ,\n      &quot;reg_time&quot;: &quot;1436864169&quot;,\n      &quot;last_login_time&quot;: &quot;0&quot;,\n    }\n  }\n```\n\n **返回参数说明** \n\n|参数名|类型|说明|\n|:-----  |:-----|-----                           |\n|groupid |int   |用户组id，1：超级管理员；2：普通用户  |\n\n **备注** \n\n- 更多返回错误代码请看首页的错误代码描述\n\n\n\n**简要描述：手机直播伴侣登录 \n\n- 用户注册接口\n\n**请求URL：** \n- ` http://xx.com/api/user/register `\n  \n**请求方式：**\n- POST \n\n**参数：** \n\n|参数名|必选|类型|说明|\n|:----    |:---|:----- |-----   |\n|username |是  |string |用户名   |\n|password |是  |string | 密码    |\n|name     |否  |string | 昵称    |\n\n **返回示例**\n\n``` \n  {\n    &quot;error_code&quot;: 0,\n    &quot;data&quot;: {\n      &quot;uid&quot;: &quot;1&quot;,\n      &quot;username&quot;: &quot;12154545&quot;,\n      &quot;name&quot;: &quot;吴系挂&quot;,\n      &quot;groupid&quot;: 2 ,\n      &quot;reg_time&quot;: &quot;1436864169&quot;,\n      &quot;last_login_time&quot;: &quot;0&quot;,\n    }\n  }\n```\n\n **返回参数说明** \n\n|参数名|类型|说明|\n|:-----  |:-----|-----                           |\n|groupid |int   |用户组id，1：超级管理员；2：普通用户  |\n\n **备注** \n\n- 更多返回错误代码请看首页的错误代码描述\n\n\n', '99', '1463124779');
INSERT INTO `page_history` VALUES ('9', '47', '2', 'admin', '7', '9', '登录接口', '简要描述：\n\n- 手机直播伴侣登录\n\n**请求URL：** \n- ` http://60.174.249.98:8002/api/rpc/mpc.php `\n  \n**请求方法：**\n- m_user_login \n  \n**请求方式：**\n- POST \n\n**参数：** \n\n|参数名|必选|类型|说明|\n|:----    |:---|:----- |-----   |\n|username |是  |string |用户名   |\n|pwd	  |是  |string | 密码(明文)    |\n|device_token     |否  |string | 唯一字符串加密(自定义)    |\n|from_cookie     |否  |string | 空(若有值，则密码从cookie获取)    |\n|user_type     |否  |string | 限制登录类型(user,blocked,anchor,agent)   |\n\n **返回示例**\n\n``` \n{\n    &quot;jsonrpc&quot;:&quot;2.0&quot;,\n    &quot;id&quot;:&quot;e2dae6bc-595a-4281-8c84-8190c623ff46&quot;,\n    &quot;result&quot;:{\n        &quot;data&quot;:{\n            &quot;id&quot;:&quot;100488329&quot;,\n            &quot;icon&quot;:&quot;1004883291396278410.jpg&quot;,\n            &quot;username&quot;:&quot;liuxitong&quot;,\n            &quot;nickname&quot;:&quot;兰花草@&quot;,\n            &quot;user_type&quot;:&quot;anchor&quot;,\n            &quot;password&quot;:&quot;2cd57c4e9fbcce37bfc372330569a68e&quot;,\n            &quot;hearts&quot;:&quot;82&quot;,\n            &quot;has_altered_pwd&quot;:1,\n            &quot;can_m_alter_username&quot;:1,\n            &quot;realname&quot;:null,\n            &quot;address&quot;:null,\n            &quot;phone&quot;:&quot;&quot;,\n            &quot;phone2&quot;:null,\n            &quot;email&quot;:&quot;&quot;,\n            &quot;gender&quot;:&quot;0&quot;,\n            &quot;pos&quot;:&quot;未知&quot;,\n            &quot;qq&quot;:&quot;0&quot;,\n            &quot;room_id&quot;:&quot;202842&quot;,\n            &quot;fans&quot;:0,\n            &quot;notice&quot;:&quot;&quot;\n        },\n        &quot;auth&quot;:{\n            &quot;openkey&quot;:&quot;bd5322e024f491f9&quot;,\n            &quot;timestamp&quot;:1463124999,\n            &quot;openid&quot;:&quot;100488329&quot;\n        },\n        &quot;secret&quot;:&quot;549a8cae9c&quot;,\n        &quot;s&quot;:1\n    }\n}Tivoka\\Client\\Request Object ( [\n    id\n] =&gt; e2dae6bc-595a-4281-8c84-8190c623ff46 [\n    method\n] =&gt; m_user_login [\n    params\n] =&gt; Array ( [\n    0\n] =&gt; liuxitong [\n    1\n] =&gt; 123456 [\n    2\n] =&gt; [\n    3\n] =&gt; [\n    4\n] =&gt; anchor ) [\n    request\n] =&gt; {\n    &quot;jsonrpc&quot;:&quot;2.0&quot;,\n    &quot;method&quot;:&quot;m_user_login&quot;,\n    &quot;id&quot;:&quot;e2dae6bc-595a-4281-8c84-8190c623ff46&quot;,\n    &quot;params&quot;:[\n        &quot;liuxitong&quot;,\n        &quot;123456&quot;,\n        &quot;&quot;,\n        &quot;&quot;,\n        &quot;anchor&quot;\n    ]\n} [\n    response\n] =&gt; {\n    &quot;jsonrpc&quot;:&quot;2.0&quot;,\n    &quot;id&quot;:&quot;e2dae6bc-595a-4281-8c84-8190c623ff46&quot;,\n    &quot;result&quot;:{\n        &quot;data&quot;:{\n            &quot;id&quot;:&quot;100488329&quot;,\n            &quot;icon&quot;:&quot;1004883291396278410.jpg&quot;,\n            &quot;username&quot;:&quot;liuxitong&quot;,\n            &quot;nickname&quot;:&quot;兰花草@&quot;,\n            &quot;user_type&quot;:&quot;anchor&quot;,\n            &quot;password&quot;:&quot;2cd57c4e9fbcce37bfc372330569a68e&quot;,\n            &quot;hearts&quot;:&quot;82&quot;,\n            &quot;has_altered_pwd&quot;:1,\n            &quot;can_m_alter_username&quot;:1,\n            &quot;realname&quot;:null,\n            &quot;address&quot;:null,\n            &quot;phone&quot;:&quot;&quot;,\n            &quot;phone2&quot;:null,\n            &quot;email&quot;:&quot;&quot;,\n            &quot;gender&quot;:&quot;0&quot;,\n            &quot;pos&quot;:&quot;未知&quot;,\n            &quot;qq&quot;:&quot;0&quot;,\n            &quot;room_id&quot;:&quot;202842&quot;,\n            &quot;fans&quot;:0,\n            &quot;notice&quot;:&quot;&quot;\n        },\n        &quot;auth&quot;:{\n            &quot;openkey&quot;:&quot;bd5322e024f491f9&quot;,\n            &quot;timestamp&quot;:1463124999,\n            &quot;openid&quot;:&quot;100488329&quot;\n        },\n        &quot;secret&quot;:&quot;549a8cae9c&quot;,\n        &quot;s&quot;:1\n    }\n} [\n    result\n] =&gt; Array ( [\n    data\n] =&gt; Array ( [\n    id\n] =&gt; 100488329 [\n    icon\n] =&gt; 1004883291396278410.jpg [\n    username\n] =&gt; liuxitong [\n    nickname\n] =&gt; 兰花草@ [\n    user_type\n] =&gt; anchor [\n    password\n] =&gt; 2cd57c4e9fbcce37bfc372330569a68e [\n    hearts\n] =&gt; 82 [\n    has_altered_pwd\n] =&gt; 1 [\n    can_m_alter_username\n] =&gt; 1 [\n    realname\n] =&gt; [\n    address\n] =&gt; [\n    phone\n] =&gt; [\n    phone2\n] =&gt; [\n    email\n] =&gt; [\n    gender\n] =&gt; 0 [\n    pos\n] =&gt; 未知 [\n    qq\n] =&gt; 0 [\n    room_id\n] =&gt; 202842 [\n    fans\n] =&gt; 0 [\n    notice\n] =&gt; ) [\n    auth\n] =&gt; Array ( [\n    openkey\n] =&gt; bd5322e024f491f9 [\n    timestamp\n] =&gt; 1463124999 [\n    openid\n] =&gt; 100488329 ) [\n    secret\n] =&gt; 549a8cae9c [\n    s\n] =&gt; 1 ) [\n    error\n] =&gt; [\n    errorMessage\n] =&gt; [\n    errorData\n] =&gt; [\n    responseHeaders\n] =&gt; Array ( [\n    Server\n] =&gt; nginx/1.2.5 [\n    Date\n] =&gt; Fri,\n 13 May 2016 07:36:39 GMT [\n    Content-Type\n] =&gt; application/json [\n    Connection\n] =&gt; close [\n    X-Powered-By\n] =&gt; PHP/5.4.9 [\n    Expires\n] =&gt; Mon,\n 26 Jul 1990 05:00:00 GMT [\n    Last-Modified\n] =&gt; Fri,\n 13 May 2016 07:36:38 GMT [\n    Cache-Control\n] =&gt; no-store [\n    Pragma\n] =&gt; no-cache ) [\n    responseHeadersRaw\n] =&gt; Array ( [\n    0\n] =&gt; HTTP/1.1 200 OK [\n    1\n] =&gt; Server: nginx/1.2.5 [\n    2\n] =&gt; Date: Fri,\n 13 May 2016 07:36:39 GMT [\n    3\n] =&gt; Content-Type: application/json [\n    4\n] =&gt; Connection: close [\n    5\n] =&gt; X-Powered-By: PHP/5.4.9 [\n    6\n] =&gt; Expires: Mon,\n 26 Jul 1990 05:00:00 GMT [\n    7\n] =&gt; Last-Modified: Fri,\n 13 May 2016 07:36:38 GMT [\n    8\n] =&gt; Cache-Control: no-store,\n no-cache,\n must-revalidate [\n    9\n] =&gt; Cache-Control: post-check=0,\n pre-check=0 [\n    10\n] =&gt; Pragma: no-cache [\n    11\n] =&gt; Cache-Control: no-store ) [\n    spec\n] =&gt; 16 )\n                    \n```\n\n **返回参数说明** \n\n|参数名|类型|说明|\n|:-----  |:-----|-----                           |\n|groupid |int   |用户组id，1：超级管理员；2：普通用户  |\n\n **备注** \n\n- 更多返回错误代码请看首页的错误代码描述\n\n\n\n**简要描述：手机直播伴侣登录 \n\n- 用户注册接口\n\n**请求URL：** \n- ` http://xx.com/api/user/register `\n  \n**请求方式：**\n- POST \n\n**参数：** \n\n|参数名|必选|类型|说明|\n|:----    |:---|:----- |-----   |\n|username |是  |string |用户名   |\n|password |是  |string | 密码    |\n|name     |否  |string | 昵称    |\n\n **返回示例**\n\n``` \n  {\n    &quot;error_code&quot;: 0,\n    &quot;data&quot;: {\n      &quot;uid&quot;: &quot;1&quot;,\n      &quot;username&quot;: &quot;12154545&quot;,\n      &quot;name&quot;: &quot;吴系挂&quot;,\n      &quot;groupid&quot;: 2 ,\n      &quot;reg_time&quot;: &quot;1436864169&quot;,\n      &quot;last_login_time&quot;: &quot;0&quot;,\n    }\n  }\n```\n\n **返回参数说明** \n\n|参数名|类型|说明|\n|:-----  |:-----|-----                           |\n|groupid |int   |用户组id，1：超级管理员；2：普通用户  |\n\n **备注** \n\n- 更多返回错误代码请看首页的错误代码描述\n\n\n', '99', '1463125049');
INSERT INTO `page_history` VALUES ('10', '47', '2', 'admin', '7', '9', '登录接口', '简要描述：\n\n- 手机直播伴侣登录\n\n**请求URL：** \n- ` http://60.174.249.98:8002/api/rpc/mpc.php `\n  \n**请求方法：**\n- m_user_login \n  \n**请求方式：**\n- POST \n\n**参数：** \n\n|参数名|必选|类型|说明|\n|:----    |:---|:----- |-----   |\n|username |是  |string |用户名   |\n|pwd	  |是  |string | 密码(明文)    |\n|device_token     |否  |string | 唯一字符串加密(自定义)    |\n|from_cookie     |否  |string | 空(若有值，则密码从cookie获取)    |\n|user_type     |否  |string | 限制登录类型(user,blocked,anchor,agent)   |\n\n **返回示例**\n\n``` \n{\n    &quot;jsonrpc&quot;:&quot;2.0&quot;,\n    &quot;id&quot;:&quot;e2dae6bc-595a-4281-8c84-8190c623ff46&quot;,\n    &quot;result&quot;:{\n        &quot;data&quot;:{\n            &quot;id&quot;:&quot;100488329&quot;,\n            &quot;icon&quot;:&quot;1004883291396278410.jpg&quot;,\n            &quot;username&quot;:&quot;liuxitong&quot;,\n            &quot;nickname&quot;:&quot;兰花草@&quot;,\n            &quot;user_type&quot;:&quot;anchor&quot;,\n            &quot;password&quot;:&quot;2cd57c4e9fbcce37bfc372330569a68e&quot;,\n            &quot;hearts&quot;:&quot;82&quot;,\n            &quot;has_altered_pwd&quot;:1,\n            &quot;can_m_alter_username&quot;:1,\n            &quot;realname&quot;:null,\n            &quot;address&quot;:null,\n            &quot;phone&quot;:&quot;&quot;,\n            &quot;phone2&quot;:null,\n            &quot;email&quot;:&quot;&quot;,\n            &quot;gender&quot;:&quot;0&quot;,\n            &quot;pos&quot;:&quot;未知&quot;,\n            &quot;qq&quot;:&quot;0&quot;,\n            &quot;room_id&quot;:&quot;202842&quot;,\n            &quot;fans&quot;:0,\n            &quot;notice&quot;:&quot;&quot;\n        },\n        &quot;auth&quot;:{\n            &quot;openkey&quot;:&quot;bd5322e024f491f9&quot;,\n            &quot;timestamp&quot;:1463124999,\n            &quot;openid&quot;:&quot;100488329&quot;\n        },\n        &quot;secret&quot;:&quot;549a8cae9c&quot;,\n        &quot;s&quot;:1\n    }\n}\n                    \n```\n\n **返回参数说明** \n\n|参数名|类型|说明|\n|:-----  |:-----|-----                           |\n|groupid |int   |用户组id，1：超级管理员；2：普通用户  |\n\n **备注** \n\n- 更多返回错误代码请看首页的错误代码描述\n\n\n\n**简要描述：手机直播伴侣登录 \n\n- 用户注册接口\n\n**请求URL：** \n- ` http://xx.com/api/user/register `\n  \n**请求方式：**\n- POST \n\n**参数：** \n\n|参数名|必选|类型|说明|\n|:----    |:---|:----- |-----   |\n|username |是  |string |用户名   |\n|password |是  |string | 密码    |\n|name     |否  |string | 昵称    |\n\n **返回示例**\n\n``` \n  {\n    &quot;error_code&quot;: 0,\n    &quot;data&quot;: {\n      &quot;uid&quot;: &quot;1&quot;,\n      &quot;username&quot;: &quot;12154545&quot;,\n      &quot;name&quot;: &quot;吴系挂&quot;,\n      &quot;groupid&quot;: 2 ,\n      &quot;reg_time&quot;: &quot;1436864169&quot;,\n      &quot;last_login_time&quot;: &quot;0&quot;,\n    }\n  }\n```\n\n **返回参数说明** \n\n|参数名|类型|说明|\n|:-----  |:-----|-----                           |\n|groupid |int   |用户组id，1：超级管理员；2：普通用户  |\n\n **备注** \n\n- 更多返回错误代码请看首页的错误代码描述\n\n\n', '99', '1463125082');
INSERT INTO `page_history` VALUES ('11', '47', '2', 'admin', '7', '9', '登录接口', '简要描述：\n\n- 手机直播伴侣登录\n\n**请求URL：** \n- ` http://60.174.249.98:8002/api/rpc/mpc.php `\n  \n**请求方法：**\n- m_user_login \n  \n**请求方式：**\n- POST \n\n**参数：** \n\n|参数名|必选|类型|说明|\n|:----    |:---|:----- |-----   |\n|username |是  |string |用户名   |\n|pwd	  |是  |string | 密码(明文)    |\n|device_token     |否  |string | 唯一字符串加密(自定义)    |\n|from_cookie     |否  |string | 空(若有值，则密码从cookie获取)    |\n|user_type     |否  |string | 限制登录类型(user,blocked,anchor,agent)   |\n\n **返回示例**\n\n``` \n{\n    &quot;jsonrpc&quot;:&quot;2.0&quot;,\n    &quot;id&quot;:&quot;e2dae6bc-595a-4281-8c84-8190c623ff46&quot;,\n    &quot;result&quot;:{\n        &quot;data&quot;:{\n            &quot;id&quot;:&quot;100488329&quot;,\n            &quot;icon&quot;:&quot;1004883291396278410.jpg&quot;,\n            &quot;username&quot;:&quot;liuxitong&quot;,\n            &quot;nickname&quot;:&quot;兰花草@&quot;,\n            &quot;user_type&quot;:&quot;anchor&quot;,\n            &quot;password&quot;:&quot;2cd57c4e9fbcce37bfc372330569a68e&quot;,\n            &quot;hearts&quot;:&quot;82&quot;,\n            &quot;has_altered_pwd&quot;:1,\n            &quot;can_m_alter_username&quot;:1,\n            &quot;realname&quot;:null,\n            &quot;address&quot;:null,\n            &quot;phone&quot;:&quot;&quot;,\n            &quot;phone2&quot;:null,\n            &quot;email&quot;:&quot;&quot;,\n            &quot;gender&quot;:&quot;0&quot;,\n            &quot;pos&quot;:&quot;未知&quot;,\n            &quot;qq&quot;:&quot;0&quot;,\n            &quot;room_id&quot;:&quot;202842&quot;,\n            &quot;fans&quot;:0,\n            &quot;notice&quot;:&quot;&quot;\n        },\n        &quot;auth&quot;:{\n            &quot;openkey&quot;:&quot;bd5322e024f491f9&quot;,\n            &quot;timestamp&quot;:1463124999,\n            &quot;openid&quot;:&quot;100488329&quot;\n        },\n        &quot;secret&quot;:&quot;549a8cae9c&quot;,\n        &quot;s&quot;:1\n    }\n}\n                    \n```\n\n **返回result参数说明** \n\n|参数名|类型|说明|\n|:-----  |:-----|-----                           |\n|id |int   |用户组id，1：超级管理员；2：普通用户  |\n|icon |int   |用户组id，1：超级管理员；2：普通用户  |\n|username |int   |用户组id，1：超级管理员；2：普通用户  |\n|nickname |int   |用户组id，1：超级管理员；2：普通用户  |\n|user_type |int   |用户组id，1：超级管理员；2：普通用户  |\n|password |int   |用户组id，1：超级管理员；2：普通用户  |\n|hearts |int   |用户组id，1：超级管理员；2：普通用户  |\n|has_altered_pwd |int   |用户组id，1：超级管理员；2：普通用户  |\n|can_m_alter_username |int   |用户组id，1：超级管理员；2：普通用户  |\n|realname |int   |用户组id，1：超级管理员；2：普通用户  |\n|address |int   |用户组id，1：超级管理员；2：普通用户  |\n|phone |int   |用户组id，1：超级管理员；2：普通用户  |\n|phone2 |int   |用户组id，1：超级管理员；2：普通用户  |\n|email |int   |用户组id，1：超级管理员；2：普通用户  |\n|gender |int   |用户组id，1：超级管理员；2：普通用户  |\n|pos |int   |用户组id，1：超级管理员；2：普通用户  |\n|qq |int   |用户组id，1：超级管理员；2：普通用户  |\n|room_id |int   |用户组id，1：超级管理员；2：普通用户  |\n|fans |int   |用户组id，1：超级管理员；2：普通用户  |\n|notice |int   |用户组id，1：超级管理员；2：普通用户  |\n\n **备注** \n\n- 更多返回错误代码请看首页的错误代码描述\n\n\n\n**简要描述：手机直播伴侣登录 \n\n- 用户注册接口\n\n**请求URL：** \n- ` http://xx.com/api/user/register `\n  \n**请求方式：**\n- POST \n\n**参数：** \n\n|参数名|必选|类型|说明|\n|:----    |:---|:----- |-----   |\n|username |是  |string |用户名   |\n|password |是  |string | 密码    |\n|name     |否  |string | 昵称    |\n\n **返回示例**\n\n``` \n  {\n    &quot;error_code&quot;: 0,\n    &quot;data&quot;: {\n      &quot;uid&quot;: &quot;1&quot;,\n      &quot;username&quot;: &quot;12154545&quot;,\n      &quot;name&quot;: &quot;吴系挂&quot;,\n      &quot;groupid&quot;: 2 ,\n      &quot;reg_time&quot;: &quot;1436864169&quot;,\n      &quot;last_login_time&quot;: &quot;0&quot;,\n    }\n  }\n```\n\n **返回参数说明** \n\n|参数名|类型|说明|\n|:-----  |:-----|-----                           |\n|groupid |int   |用户组id，1：超级管理员；2：普通用户  |\n\n **备注** \n\n- 更多返回错误代码请看首页的错误代码描述\n\n\n', '99', '1463125364');
INSERT INTO `page_history` VALUES ('12', '47', '2', 'admin', '7', '9', '登录接口', '简要描述：\n\n- 手机直播伴侣登录\n\n**请求URL：** \n- ` http://60.174.249.98:8002/api/rpc/mpc.php `\n  \n**请求方法：**\n- m_user_login \n  \n**请求方式：**\n- POST \n\n**参数：** \n\n|参数名|必选|类型|说明|\n|:----    |:---|:----- |-----   |\n|username |是  |string |用户名   |\n|pwd	  |是  |string | 密码(明文)    |\n|device_token     |否  |string | 唯一字符串加密(自定义)    |\n|from_cookie     |否  |string | 空(若有值，则密码从cookie获取)    |\n|user_type     |否  |string | 限制登录类型(user,blocked,anchor,agent)   |\n\n **返回示例**\n\n``` \n{\n    &quot;jsonrpc&quot;:&quot;2.0&quot;,\n    &quot;id&quot;:&quot;e2dae6bc-595a-4281-8c84-8190c623ff46&quot;,\n    &quot;result&quot;:{\n        &quot;data&quot;:{\n            &quot;id&quot;:&quot;100488329&quot;,\n            &quot;icon&quot;:&quot;1004883291396278410.jpg&quot;,\n            &quot;username&quot;:&quot;liuxitong&quot;,\n            &quot;nickname&quot;:&quot;兰花草@&quot;,\n            &quot;user_type&quot;:&quot;anchor&quot;,\n            &quot;password&quot;:&quot;2cd57c4e9fbcce37bfc372330569a68e&quot;,\n            &quot;hearts&quot;:&quot;82&quot;,\n            &quot;has_altered_pwd&quot;:1,\n            &quot;can_m_alter_username&quot;:1,\n            &quot;realname&quot;:null,\n            &quot;address&quot;:null,\n            &quot;phone&quot;:&quot;&quot;,\n            &quot;phone2&quot;:null,\n            &quot;email&quot;:&quot;&quot;,\n            &quot;gender&quot;:&quot;0&quot;,\n            &quot;pos&quot;:&quot;未知&quot;,\n            &quot;qq&quot;:&quot;0&quot;,\n            &quot;room_id&quot;:&quot;202842&quot;,\n            &quot;fans&quot;:0,\n            &quot;notice&quot;:&quot;&quot;\n        },\n        &quot;auth&quot;:{\n            &quot;openkey&quot;:&quot;bd5322e024f491f9&quot;,\n            &quot;timestamp&quot;:1463124999,\n            &quot;openid&quot;:&quot;100488329&quot;\n        },\n        &quot;secret&quot;:&quot;549a8cae9c&quot;,\n        &quot;s&quot;:1\n    }\n}\n                    \n```\n\n **返回result参数说明** \n\n|参数名|类型|说明|\n|:-----  |:-----|-----                           |\n|id |int   |用户ID  |\n|icon |string   |用户头像  |\n|username |string   |用户名  |\n|nickname |string   |用户昵称  |\n|user_type |string   |用户类型(user,blocked,anchor,agent)  |\n|password |string   |密码  |\n|hearts |int   |用户乐豆  |\n|has_altered_pwd |int   |是否修改过密码（0 : 1）|\n|can_m_alter_username |int   |是否修改过用户名（0 : 1）|\n|realname |string   |真实姓名|\n|address |string   |用户地址|\n|phone |int   |手机号码|\n|phone2 |int   |手机号码(德州用的)|\n|email |string   |用户邮箱地址|\n|gender |int   |0 未知， 1 男，2 女|\n|pos |int   |位置，最小单位|\n|qq |int   |QQ号|\n|room_id |int   |直播房间号|\n|fans |int   |用户粉丝数|\n|notice |string   |用户公聊公告|\n\n **备注** \n\n- 更多返回错误代码请看首页的错误代码描述\n\n\n\n**简要描述：手机直播伴侣登录 \n\n- 用户注册接口\n\n**请求URL：** \n- ` http://xx.com/api/user/register `\n  \n**请求方式：**\n- POST \n\n**参数：** \n\n|参数名|必选|类型|说明|\n|:----    |:---|:----- |-----   |\n|username |是  |string |用户名   |\n|password |是  |string | 密码    |\n|name     |否  |string | 昵称    |\n\n **返回示例**\n\n``` \n  {\n    &quot;error_code&quot;: 0,\n    &quot;data&quot;: {\n      &quot;uid&quot;: &quot;1&quot;,\n      &quot;username&quot;: &quot;12154545&quot;,\n      &quot;name&quot;: &quot;吴系挂&quot;,\n      &quot;groupid&quot;: 2 ,\n      &quot;reg_time&quot;: &quot;1436864169&quot;,\n      &quot;last_login_time&quot;: &quot;0&quot;,\n    }\n  }\n```\n\n **返回参数说明** \n\n|参数名|类型|说明|\n|:-----  |:-----|-----                           |\n|groupid |int   |用户组id，1：超级管理员；2：普通用户  |\n\n **备注** \n\n- 更多返回错误代码请看首页的错误代码描述\n\n\n', '99', '1463126045');
INSERT INTO `page_history` VALUES ('13', '47', '2', 'admin', '7', '9', '登录接口', '简要描述：\n\n- 手机直播伴侣登录\n\n  \n**请求方法：**\n- m_user_login \n  \n**请求方式：**\n- POST \n\n**参数：** \n\n|参数名|必选|类型|说明|\n|:----    |:---|:----- |-----   |\n|username |是  |string |用户名   |\n|pwd	  |是  |string | 密码(明文)    |\n|device_token     |否  |string | 唯一字符串加密(自定义)    |\n|from_cookie     |否  |string | 空(若有值，则密码从cookie获取)    |\n|user_type     |否  |string | 限制登录类型(user,blocked,anchor,agent)   |\n\n **返回示例**\n\n``` \n{\n    &quot;jsonrpc&quot;:&quot;2.0&quot;,\n    &quot;id&quot;:&quot;e2dae6bc-595a-4281-8c84-8190c623ff46&quot;,\n    &quot;result&quot;:{\n        &quot;data&quot;:{\n            &quot;id&quot;:&quot;100488329&quot;,\n            &quot;icon&quot;:&quot;1004883291396278410.jpg&quot;,\n            &quot;username&quot;:&quot;liuxitong&quot;,\n            &quot;nickname&quot;:&quot;兰花草@&quot;,\n            &quot;user_type&quot;:&quot;anchor&quot;,\n            &quot;password&quot;:&quot;2cd57c4e9fbcce37bfc372330569a68e&quot;,\n            &quot;hearts&quot;:&quot;82&quot;,\n            &quot;has_altered_pwd&quot;:1,\n            &quot;can_m_alter_username&quot;:1,\n            &quot;realname&quot;:null,\n            &quot;address&quot;:null,\n            &quot;phone&quot;:&quot;&quot;,\n            &quot;phone2&quot;:null,\n            &quot;email&quot;:&quot;&quot;,\n            &quot;gender&quot;:&quot;0&quot;,\n            &quot;pos&quot;:&quot;未知&quot;,\n            &quot;qq&quot;:&quot;0&quot;,\n            &quot;room_id&quot;:&quot;202842&quot;,\n            &quot;fans&quot;:0,\n            &quot;notice&quot;:&quot;&quot;\n        },\n        &quot;auth&quot;:{\n            &quot;openkey&quot;:&quot;bd5322e024f491f9&quot;,\n            &quot;timestamp&quot;:1463124999,\n            &quot;openid&quot;:&quot;100488329&quot;\n        },\n        &quot;secret&quot;:&quot;549a8cae9c&quot;,\n        &quot;s&quot;:1\n    }\n}\n                    \n```\n\n **返回result参数说明** \n\n|参数名|类型|说明|\n|:-----  |:-----|-----                           |\n|id |int   |用户ID  |\n|icon |string   |用户头像  |\n|username |string   |用户名  |\n|nickname |string   |用户昵称  |\n|user_type |string   |用户类型(user,blocked,anchor,agent)  |\n|password |string   |密码  |\n|hearts |int   |用户乐豆  |\n|has_altered_pwd |int   |是否修改过密码（0 : 1）|\n|can_m_alter_username |int   |是否修改过用户名（0 : 1）|\n|realname |string   |真实姓名|\n|address |string   |用户地址|\n|phone |int   |手机号码|\n|phone2 |int   |手机号码(德州用的)|\n|email |string   |用户邮箱地址|\n|gender |int   |0 未知， 1 男，2 女|\n|pos |int   |位置，最小单位|\n|qq |int   |QQ号|\n|room_id |int   |直播房间号|\n|fans |int   |用户粉丝数|\n|notice |string   |用户公聊公告|\n\n **备注** \n\n- 更多返回错误代码请看首页的错误代码描述\n\n\n\n**简要描述：手机直播伴侣登录 \n\n- 用户注册接口\n\n**请求URL：** \n- ` http://xx.com/api/user/register `\n  \n**请求方式：**\n- POST \n\n**参数：** \n\n|参数名|必选|类型|说明|\n|:----    |:---|:----- |-----   |\n|username |是  |string |用户名   |\n|password |是  |string | 密码    |\n|name     |否  |string | 昵称    |\n\n **返回示例**\n\n``` \n  {\n    &quot;error_code&quot;: 0,\n    &quot;data&quot;: {\n      &quot;uid&quot;: &quot;1&quot;,\n      &quot;username&quot;: &quot;12154545&quot;,\n      &quot;name&quot;: &quot;吴系挂&quot;,\n      &quot;groupid&quot;: 2 ,\n      &quot;reg_time&quot;: &quot;1436864169&quot;,\n      &quot;last_login_time&quot;: &quot;0&quot;,\n    }\n  }\n```\n\n **返回参数说明** \n\n|参数名|类型|说明|\n|:-----  |:-----|-----                           |\n|groupid |int   |用户组id，1：超级管理员；2：普通用户  |\n\n **备注** \n\n- 更多返回错误代码请看首页的错误代码描述\n\n\n', '99', '1463126173');
INSERT INTO `page_history` VALUES ('14', '47', '2', 'admin', '7', '9', '登录接口', '简要描述：\n\n- 手机直播伴侣登录\n\n  \n**请求方法：**\n- m_user_login \n  \n**请求方式：**\n- POST \n\n**参数：** \n\n|参数名|必选|类型|说明|\n|:----    |:---|:----- |-----   |\n|username |是  |string |用户名   |\n|pwd	  |是  |string | 密码(明文)    |\n|device_token     |否  |string | 唯一字符串加密(自定义)    |\n|from_cookie     |否  |string | 空(若有值，则密码从cookie获取)    |\n|user_type     |否  |string | 限制登录类型(user,blocked,anchor,agent)   |\n\n **返回示例**\n\n``` \n{\n    &quot;jsonrpc&quot;:&quot;2.0&quot;,\n    &quot;id&quot;:&quot;e2dae6bc-595a-4281-8c84-8190c623ff46&quot;,\n    &quot;result&quot;:{\n        &quot;data&quot;:{\n            &quot;id&quot;:&quot;100488329&quot;,\n            &quot;icon&quot;:&quot;1004883291396278410.jpg&quot;,\n            &quot;username&quot;:&quot;liuxitong&quot;,\n            &quot;nickname&quot;:&quot;兰花草@&quot;,\n            &quot;user_type&quot;:&quot;anchor&quot;,\n            &quot;password&quot;:&quot;2cd57c4e9fbcce37bfc372330569a68e&quot;,\n            &quot;hearts&quot;:&quot;82&quot;,\n            &quot;has_altered_pwd&quot;:1,\n            &quot;can_m_alter_username&quot;:1,\n            &quot;realname&quot;:null,\n            &quot;address&quot;:null,\n            &quot;phone&quot;:&quot;&quot;,\n            &quot;phone2&quot;:null,\n            &quot;email&quot;:&quot;&quot;,\n            &quot;gender&quot;:&quot;0&quot;,\n            &quot;pos&quot;:&quot;未知&quot;,\n            &quot;qq&quot;:&quot;0&quot;,\n            &quot;room_id&quot;:&quot;202842&quot;,\n            &quot;fans&quot;:0,\n            &quot;notice&quot;:&quot;&quot;\n        },\n        &quot;auth&quot;:{\n            &quot;openkey&quot;:&quot;bd5322e024f491f9&quot;,\n            &quot;timestamp&quot;:1463124999,\n            &quot;openid&quot;:&quot;100488329&quot;\n        },\n        &quot;secret&quot;:&quot;549a8cae9c&quot;,\n        &quot;s&quot;:1\n    }\n}\n                    \n```\n\n **返回result参数说明** \n\n|参数名|类型|说明|\n|:-----  |:-----|-----                           |\n|id |int   |用户ID  |\n|icon |string   |用户头像  |\n|username |string   |用户名  |\n|nickname |string   |用户昵称  |\n|user_type |string   |用户类型(user,blocked,anchor,agent)  |\n|password |string   |密码  |\n|hearts |int   |用户乐豆  |\n|has_altered_pwd |int   |是否修改过密码（0 : 1）|\n|can_m_alter_username |int   |是否修改过用户名（0 : 1）|\n|realname |string   |真实姓名|\n|address |string   |用户地址|\n|phone |int   |手机号码|\n|phone2 |int   |手机号码(德州用的)|\n|email |string   |用户邮箱地址|\n|gender |int   |0 未知， 1 男，2 女|\n|pos |int   |位置，最小单位|\n|qq |int   |QQ号|\n|room_id |int   |直播房间号|\n|fans |int   |用户粉丝数|\n|notice |string   |用户公聊公告|\n\n **返回auth参数说明** \n\n|参数名|类型|说明|\n|:-----  |:-----|-----                           |\n|openkey |int   |用户ID  |\n|timestamp |string   |用户头像  |\n|openid |string   |用户名  |\n\n **返回参数说明** \n\n|参数名|类型|说明|\n|:-----  |:-----|-----                           |\n|secret |string   |用户ID  |\n|s |int   |用户头像  |\n\n\n', '99', '1463126392');
INSERT INTO `page_history` VALUES ('15', '47', '2', 'admin', '7', '9', '登录接口', '简要描述：\n\n- 手机直播伴侣登录\n\n  \n**请求方法：**\n- m_user_login \n  \n**请求方式：**\n- POST \n\n**参数：** \n\n|参数名|必选|类型|说明|\n|:----    |:---|:----- |-----   |\n|username |是  |string |用户名   |\n|pwd	  |是  |string | 密码(明文)    |\n|device_token     |否  |string | 唯一字符串加密(自定义)    |\n|from_cookie     |否  |string | 空(若有值，则密码从cookie获取)    |\n|user_type     |否  |string | 限制登录类型(user,blocked,anchor,agent)   |\n\n **返回示例**\n\n``` \n{\n    &quot;jsonrpc&quot;:&quot;2.0&quot;,\n    &quot;id&quot;:&quot;e2dae6bc-595a-4281-8c84-8190c623ff46&quot;,\n    &quot;result&quot;:{\n        &quot;data&quot;:{\n            &quot;id&quot;:&quot;100488329&quot;,\n            &quot;icon&quot;:&quot;1004883291396278410.jpg&quot;,\n            &quot;username&quot;:&quot;liuxitong&quot;,\n            &quot;nickname&quot;:&quot;兰花草@&quot;,\n            &quot;user_type&quot;:&quot;anchor&quot;,\n            &quot;password&quot;:&quot;2cd57c4e9fbcce37bfc372330569a68e&quot;,\n            &quot;hearts&quot;:&quot;82&quot;,\n            &quot;has_altered_pwd&quot;:1,\n            &quot;can_m_alter_username&quot;:1,\n            &quot;realname&quot;:null,\n            &quot;address&quot;:null,\n            &quot;phone&quot;:&quot;&quot;,\n            &quot;phone2&quot;:null,\n            &quot;email&quot;:&quot;&quot;,\n            &quot;gender&quot;:&quot;0&quot;,\n            &quot;pos&quot;:&quot;未知&quot;,\n            &quot;qq&quot;:&quot;0&quot;,\n            &quot;room_id&quot;:&quot;202842&quot;,\n            &quot;fans&quot;:0,\n            &quot;notice&quot;:&quot;&quot;\n        },\n        &quot;auth&quot;:{\n            &quot;openkey&quot;:&quot;bd5322e024f491f9&quot;,\n            &quot;timestamp&quot;:1463124999,\n            &quot;openid&quot;:&quot;100488329&quot;\n        },\n        &quot;secret&quot;:&quot;549a8cae9c&quot;,\n        &quot;s&quot;:1\n    }\n}\n                    \n```\n **返回参数说明** \n\n|参数名|类型|说明|\n|:-----  |:-----|-----                           |\n|secret |string   |用户ID  |\n|s |int   |用户头像  |\n\n **返回result参数说明** \n\n|参数名|类型|说明|\n|:-----  |:-----|-----                           |\n|id |int   |用户ID  |\n|icon |string   |用户头像  |\n|username |string   |用户名  |\n|nickname |string   |用户昵称  |\n|user_type |string   |用户类型(user,blocked,anchor,agent)  |\n|password |string   |密码  |\n|hearts |int   |用户乐豆  |\n|has_altered_pwd |int   |是否修改过密码（0 : 1）|\n|can_m_alter_username |int   |是否修改过用户名（0 : 1）|\n|realname |string   |真实姓名|\n|address |string   |用户地址|\n|phone |int   |手机号码|\n|phone2 |int   |手机号码(德州用的)|\n|email |string   |用户邮箱地址|\n|gender |int   |0 未知， 1 男，2 女|\n|pos |int   |位置，最小单位|\n|qq |int   |QQ号|\n|room_id |int   |直播房间号|\n|fans |int   |用户粉丝数|\n|notice |string   |用户公聊公告|\n\n **返回auth参数说明** \n\n|参数名|类型|说明|\n|:-----  |:-----|-----                           |\n|openkey |int   |用户ID  |\n|timestamp |string   |用户头像  |\n|openid |string   |用户名  |\n\n\n', '99', '1463126431');
INSERT INTO `page_history` VALUES ('16', '47', '2', 'admin', '7', '9', '登录接口', '简要描述：\n\n- 手机直播伴侣登录\n\n  \n**请求方法：**\n- m_user_login \n  \n**请求方式：**\n- POST \n\n**参数：** \n\n|参数名|必选|类型|说明|\n|:----    |:---|:----- |-----   |\n|username |是  |string |用户名   |\n|pwd	  |是  |string | 密码(明文)    |\n|device_token     |否  |string | 唯一字符串加密(自定义)    |\n|from_cookie     |否  |string | 空(若有值，则密码从cookie获取)    |\n|user_type     |否  |string | 限制登录类型(user,blocked,anchor,agent)   |\n\n **返回示例**\n\n``` \n{\n    &quot;jsonrpc&quot;:&quot;2.0&quot;,\n    &quot;id&quot;:&quot;e2dae6bc-595a-4281-8c84-8190c623ff46&quot;,\n    &quot;result&quot;:{\n        &quot;data&quot;:{\n            &quot;id&quot;:&quot;100488329&quot;,\n            &quot;icon&quot;:&quot;1004883291396278410.jpg&quot;,\n            &quot;username&quot;:&quot;liuxitong&quot;,\n            &quot;nickname&quot;:&quot;兰花草@&quot;,\n            &quot;user_type&quot;:&quot;anchor&quot;,\n            &quot;password&quot;:&quot;2cd57c4e9fbcce37bfc372330569a68e&quot;,\n            &quot;hearts&quot;:&quot;82&quot;,\n            &quot;has_altered_pwd&quot;:1,\n            &quot;can_m_alter_username&quot;:1,\n            &quot;realname&quot;:null,\n            &quot;address&quot;:null,\n            &quot;phone&quot;:&quot;&quot;,\n            &quot;phone2&quot;:null,\n            &quot;email&quot;:&quot;&quot;,\n            &quot;gender&quot;:&quot;0&quot;,\n            &quot;pos&quot;:&quot;未知&quot;,\n            &quot;qq&quot;:&quot;0&quot;,\n            &quot;room_id&quot;:&quot;202842&quot;,\n            &quot;fans&quot;:0,\n            &quot;notice&quot;:&quot;&quot;\n        },\n        &quot;auth&quot;:{\n            &quot;openkey&quot;:&quot;bd5322e024f491f9&quot;,\n            &quot;timestamp&quot;:1463124999,\n            &quot;openid&quot;:&quot;100488329&quot;\n        },\n        &quot;secret&quot;:&quot;549a8cae9c&quot;,\n        &quot;s&quot;:1\n    }\n}\n                    \n```\n **返回参数说明** \n\n|参数名|类型|说明|\n|:-----  |:-----|-----                           |\n|secret |string   |登录秘钥  |\n|s |int   |请求结果 0 失败 1 成功 2 用户类型受限  |\n\n **返回result参数说明** \n\n|参数名|类型|说明|\n|:-----  |:-----|-----                           |\n|id |int   |用户ID  |\n|icon |string   |用户头像  |\n|username |string   |用户名  |\n|nickname |string   |用户昵称  |\n|user_type |string   |用户类型(user,blocked,anchor,agent)  |\n|password |string   |密码  |\n|hearts |int   |用户乐豆  |\n|has_altered_pwd |int   |是否修改过密码（0 : 1）|\n|can_m_alter_username |int   |是否修改过用户名（0 : 1）|\n|realname |string   |真实姓名|\n|address |string   |用户地址|\n|phone |int   |手机号码|\n|phone2 |int   |手机号码(德州用的)|\n|email |string   |用户邮箱地址|\n|gender |int   |0 未知， 1 男，2 女|\n|pos |int   |位置，最小单位|\n|qq |int   |QQ号|\n|room_id |int   |直播房间号|\n|fans |int   |用户粉丝数|\n|notice |string   |用户公聊公告|\n\n **返回auth参数说明** \n\n|参数名|类型|说明|\n|:-----  |:-----|-----                           |\n|openkey |int   |用户ID  |\n|timestamp |string   |用户头像  |\n|openid |string   |用户名  |\n\n\n', '99', '1463126515');
INSERT INTO `page_history` VALUES ('17', '49', '2', 'admin', '7', '9', '设置房间公告', '\n    \n**简要描述：** \n\n- 用户注册接口\n\n**请求URL：** \n- ` http://xx.com/api/user/register `\n  \n**请求方式：**\n- POST \n\n**参数：** \n\n|参数名|必选|类型|说明|\n|:----    |:---|:----- |-----   |\n|username |是  |string |用户名   |\n|password |是  |string | 密码    |\n|name     |否  |string | 昵称    |\n\n **返回示例**\n\n``` \n  {\n    &quot;error_code&quot;: 0,\n    &quot;data&quot;: {\n      &quot;uid&quot;: &quot;1&quot;,\n      &quot;username&quot;: &quot;12154545&quot;,\n      &quot;name&quot;: &quot;吴系挂&quot;,\n      &quot;groupid&quot;: 2 ,\n      &quot;reg_time&quot;: &quot;1436864169&quot;,\n      &quot;last_login_time&quot;: &quot;0&quot;,\n    }\n  }\n```\n\n **返回参数说明** \n\n|参数名|类型|说明|\n|:-----  |:-----|-----                           |\n|groupid |int   |用户组id，1：超级管理员；2：普通用户  |\n\n **备注** \n\n- 更多返回错误代码请看首页的错误代码描述\n\n\n', '99', '1463124860');
INSERT INTO `page_history` VALUES ('18', '49', '2', 'admin', '7', '9', '设置房间公告', '    \n**简要描述：** \n\n- 设置房间公告接口\n\n**请求方式：**\n- POST \n\n**参数：** \n\n|参数名|必选|类型|说明|\n|:----    |:---|:----- |-----   |\n|uid |是  |string |用户名   |\n|secret |是  |string | 密码    |\n|name     |否  |string | 昵称    |\n\n **返回示例**\n\n``` \n  {\n    &quot;error_code&quot;: 0,\n    &quot;data&quot;: {\n      &quot;uid&quot;: &quot;1&quot;,\n      &quot;username&quot;: &quot;12154545&quot;,\n      &quot;name&quot;: &quot;吴系挂&quot;,\n      &quot;groupid&quot;: 2 ,\n      &quot;reg_time&quot;: &quot;1436864169&quot;,\n      &quot;last_login_time&quot;: &quot;0&quot;,\n    }\n  }\n```\n\n **返回参数说明** \n\n|参数名|类型|说明|\n|:-----  |:-----|-----                           |\n|groupid |int   |用户组id，1：超级管理员；2：普通用户  |\n\n **备注** \n\n- 更多返回错误代码请看首页的错误代码描述\n\n\n', '99', '1463126875');
INSERT INTO `page_history` VALUES ('19', '49', '2', 'admin', '7', '9', '设置房间公告', '    \n**简要描述：** \n\n- 设置房间公告接口\n\n**请求方式：**\n- POST \n\n**参数：** \n\n|参数名|必选|类型|说明|\n|:----    |:---|:----- |-----   |\n|uid |是  |int |用户uid   |\n|secret |是  |string | 登录秘钥(登录时返回secret)    |\n|room_id     |否  |int | 房间id    |\n|content1     |否  |string | 房间公聊公告(必填)    |\n|content2     |否  |string | 房间私聊公告(非必填)    |\n\n **返回示例**\n\n``` \n  {\n    &quot;error_code&quot;: 0,\n    &quot;data&quot;: {\n      &quot;uid&quot;: &quot;1&quot;,\n      &quot;username&quot;: &quot;12154545&quot;,\n      &quot;name&quot;: &quot;吴系挂&quot;,\n      &quot;groupid&quot;: 2 ,\n      &quot;reg_time&quot;: &quot;1436864169&quot;,\n      &quot;last_login_time&quot;: &quot;0&quot;,\n    }\n  }\n```\n\n **返回参数说明** \n\n|参数名|类型|说明|\n|:-----  |:-----|-----                           |\n|groupid |int   |用户组id，1：超级管理员；2：普通用户  |\n\n **备注** \n\n- 更多返回错误代码请看首页的错误代码描述\n\n\n', '99', '1463126932');
INSERT INTO `page_history` VALUES ('20', '49', '2', 'admin', '7', '9', '设置房间公告', '    \n**简要描述：** \n\n- 设置房间公告接口\n  \n**请求方法：**\n- m_set_notice \n\n**请求方式：**\n- POST \n\n**参数：** \n\n|参数名|必选|类型|说明|\n|:----    |:---|:----- |-----   |\n|uid |是  |int |用户uid   |\n|secret |是  |string | 登录秘钥(登录时返回secret)    |\n|room_id     |否  |int | 房间id    |\n|content1     |否  |string | 房间公聊公告(必填)    |\n|content2     |否  |string | 房间私聊公告(非必填)    |\n\n **返回示例**\n\n``` \n  {\n    &quot;error_code&quot;: 0,\n    &quot;data&quot;: {\n      &quot;uid&quot;: &quot;1&quot;,\n      &quot;username&quot;: &quot;12154545&quot;,\n      &quot;name&quot;: &quot;吴系挂&quot;,\n      &quot;groupid&quot;: 2 ,\n      &quot;reg_time&quot;: &quot;1436864169&quot;,\n      &quot;last_login_time&quot;: &quot;0&quot;,\n    }\n  }\n```\n\n **返回参数说明** \n\n|参数名|类型|说明|\n|:-----  |:-----|-----                           |\n|groupid |int   |用户组id，1：超级管理员；2：普通用户  |\n\n **备注** \n\n- 更多返回错误代码请看首页的错误代码描述\n\n\n', '99', '1463126967');
INSERT INTO `page_history` VALUES ('21', '49', '2', 'admin', '7', '9', '设置房间公告', '    \n**简要描述：** \n\n- 设置房间公告接口\n  \n**请求方法：**\n- m_set_notice \n\n**请求方式：**\n- POST \n\n**参数：** \n\n|参数名|必选|类型|说明|\n|:----    |:---|:----- |-----   |\n|uid |是  |int |用户uid   |\n|secret |是  |string | 登录秘钥(登录时返回secret)    |\n|room_id     |否  |int | 房间id    |\n|content1     |否  |string | 房间公聊公告(必填)    |\n|content2     |否  |string | 房间私聊公告(非必填)    |\n\n **返回示例**\n\n``` \n  {\n    &quot;jsonrpc&quot;:&quot;2.0&quot;,\n    &quot;id&quot;:&quot;3a56d897-0e2e-4282-b094-380c5d36cd21&quot;,\n    &quot;result&quot;:{\n        &quot;s&quot;:1,\n        &quot;data&quot;:&quot;设置成功&quot;\n    }\n}\n```\n\n **返回参数说明** \n\n|参数名|类型|说明|\n|:-----  |:-----|-----                           |\n|groupid |int   |用户组id，1：超级管理员；2：普通用户  |\n|groupid |int   |用户组id，1：超级管理员；2：普通用户  |\n\n\n\n', '99', '1463127140');
INSERT INTO `page_history` VALUES ('22', '47', '2', 'admin', '7', '9', '登录接口', '简要描述：\n\n- 手机直播伴侣登录\n\n  \n**请求方法：**\n- m_user_login \n  \n**请求方式：**\n- POST \n\n**参数：** \n\n|参数名|必选|类型|说明|\n|:----    |:---|:----- |-----   |\n|username |是  |string |用户名   |\n|pwd	  |是  |string | 密码(明文)    |\n|device_token     |否  |string | 唯一字符串加密(自定义)    |\n|from_cookie     |否  |string | 空(若有值，则密码从cookie获取)    |\n|user_type     |否  |string | 限制登录类型(user,blocked,anchor,agent)   |\n\n **返回示例**\n\n``` \n{\n    &quot;jsonrpc&quot;:&quot;2.0&quot;,\n    &quot;id&quot;:&quot;e2dae6bc-595a-4281-8c84-8190c623ff46&quot;,\n    &quot;result&quot;:{\n        &quot;data&quot;:{\n            &quot;id&quot;:&quot;100488329&quot;,\n            &quot;icon&quot;:&quot;1004883291396278410.jpg&quot;,\n            &quot;username&quot;:&quot;liuxitong&quot;,\n            &quot;nickname&quot;:&quot;兰花草@&quot;,\n            &quot;user_type&quot;:&quot;anchor&quot;,\n            &quot;password&quot;:&quot;2cd57c4e9fbcce37bfc372330569a68e&quot;,\n            &quot;hearts&quot;:&quot;82&quot;,\n            &quot;has_altered_pwd&quot;:1,\n            &quot;can_m_alter_username&quot;:1,\n            &quot;realname&quot;:null,\n            &quot;address&quot;:null,\n            &quot;phone&quot;:&quot;&quot;,\n            &quot;phone2&quot;:null,\n            &quot;email&quot;:&quot;&quot;,\n            &quot;gender&quot;:&quot;0&quot;,\n            &quot;pos&quot;:&quot;未知&quot;,\n            &quot;qq&quot;:&quot;0&quot;,\n            &quot;room_id&quot;:&quot;202842&quot;,\n            &quot;fans&quot;:0,\n            &quot;notice&quot;:&quot;&quot;\n        },\n        &quot;auth&quot;:{\n            &quot;openkey&quot;:&quot;bd5322e024f491f9&quot;,\n            &quot;timestamp&quot;:1463124999,\n            &quot;openid&quot;:&quot;100488329&quot;\n        },\n        &quot;secret&quot;:&quot;549a8cae9c&quot;,\n        &quot;s&quot;:1\n    }\n}\n                    \n```\n **返回参数说明** \n\n|参数名|类型|说明|\n|:-----  |:-----|-----                           |\n|secret |string   |登录秘钥  |\n|s |int   |请求结果 0 失败 1 成功 2 用户类型受限  |\n\n **返回result参数说明** \n\n|参数名|类型|说明|\n|:-----  |:-----|-----                           |\n|id |int   |用户ID  |\n|icon |string   |用户头像  |\n|username |string   |用户名  |\n|nickname |string   |用户昵称  |\n|user_type |string   |用户类型(user,blocked,anchor,agent)  |\n|password |string   |密码  |\n|hearts |int   |用户乐豆  |\n|has_altered_pwd |int   |是否修改过密码（0 : 1）|\n|can_m_alter_username |int   |是否修改过用户名（0 : 1）|\n|realname |string   |真实姓名|\n|address |string   |用户地址|\n|phone |int   |手机号码|\n|phone2 |int   |手机号码(德州用的)|\n|email |string   |用户邮箱地址|\n|gender |int   |0 未知， 1 男，2 女|\n|pos |int   |位置，最小单位|\n|qq |int   |QQ号|\n|room_id |int   |直播房间号|\n|fans |int   |用户粉丝数|\n|notice |string   |用户公聊公告|\n\n **返回auth参数说明** \n\n|参数名|类型|说明|\n|:-----  |:-----|-----                           |\n|openkey |int   |登录验证key  |\n|timestamp |string   |请求时间 (时间戳格式)  |\n|openid |string   |用户ID  |\n\n\n', '99', '1463126646');
INSERT INTO `page_history` VALUES ('23', '50', '2', 'admin', '7', '9', '游客登录', '', '99', '1463124874');
INSERT INTO `page_history` VALUES ('24', '49', '2', 'admin', '7', '9', '设置房间公告', '    \n**简要描述：** \n\n- 设置房间公告接口\n  \n**请求方法：**\n- m_set_notice \n\n**请求方式：**\n- POST \n\n**参数：** \n\n|参数名|必选|类型|说明|\n|:----    |:---|:----- |-----   |\n|uid |是  |int |用户uid   |\n|secret |是  |string | 登录秘钥(登录时返回secret)    |\n|room_id     |否  |int | 房间id    |\n|content1     |否  |string | 房间公聊公告(必填)    |\n|content2     |否  |string | 房间私聊公告(非必填)    |\n\n **返回示例**\n\n``` \n  {\n    &quot;jsonrpc&quot;:&quot;2.0&quot;,\n    &quot;id&quot;:&quot;3a56d897-0e2e-4282-b094-380c5d36cd21&quot;,\n    &quot;result&quot;:{\n        &quot;s&quot;:1,\n        &quot;data&quot;:&quot;设置成功&quot;\n    }\n}\n```\n\n **返回参数说明** \n\n|参数名|类型|说明|\n|:-----  |:-----|-----                           |\n|s |int   |请求状态 0 失败 1 成功 |\n|data |string   |请求结果 |\n', '99', '1463127212');
INSERT INTO `page_history` VALUES ('25', '50', '2', 'admin', '7', '9', '主播获得礼物排行榜', '简要描述：\n\n- 主播获得礼物排行榜\n\n  \n**请求方法：**\n- m_room_rankgift \n  \n**请求方式：**\n- POST \n\n**参数：** \n\n|参数名|必选|类型|说明|\n|:----    |:---|:----- |-----   |\n|uid	 |是  |int |用户uid   |\n|secret	  |是  |string | 登录秘钥(登录时返回secret)   |\n|room_id	|否  |int | 房间id |\n|type     |否  |string |排行类型(day,week,month)=&gt;(当天,本周,本月)|\n\n **返回示例**\n\n``` \n{\n    &quot;jsonrpc&quot;:&quot;2.0&quot;,\n    &quot;id&quot;:&quot;6795c653-8130-4438-a617-b3aa2663a05b&quot;,\n    &quot;result&quot;:{\n        &quot;天使之恋&quot;:&quot;14&quot;,\n        &quot;一见钟情&quot;:&quot;7&quot;,\n        &quot;拜堂&quot;:&quot;3&quot;\n    }\n}\n                    \n```\n\n **返回result参数说明** \n\n|参数名|类型|说明|\n|:-----  |:-----|-----                           |\n|key |string   |礼物名称  |\n|value |int   |次数  |\n\n\n', '99', '1463127760');
INSERT INTO `page_history` VALUES ('26', '51', '2', 'admin', '7', '9', '直播间房间信息', '', '99', '1463124882');
INSERT INTO `page_history` VALUES ('27', '51', '2', 'admin', '7', '9', '直播间房间信息', '简要描述：\n\n- 主播获得礼物排行榜\n\n  \n**请求方法：**\n- m_room_rankgift \n  \n**请求方式：**\n- POST \n\n**参数：** \n\n|参数名|必选|类型|说明|\n|:----    |:---|:----- |-----   |\n|uid	 |是  |int |用户uid   |\n|secret	  |是  |string | 登录秘钥(登录时返回secret)   |\n|room_id	|是  |int | 房间id |\n\n **返回示例**\n\n``` \n{\n    &quot;jsonrpc&quot;:&quot;2.0&quot;,\n    &quot;id&quot;:&quot;6795c653-8130-4438-a617-b3aa2663a05b&quot;,\n    &quot;result&quot;:{\n        &quot;天使之恋&quot;:&quot;14&quot;,\n        &quot;一见钟情&quot;:&quot;7&quot;,\n        &quot;拜堂&quot;:&quot;3&quot;\n    }\n}\n                    \n```\n\n **返回result参数说明** \n\n|参数名|类型|说明|\n|:-----  |:-----|-----                           |\n|key |string   |礼物名称  |\n|value |int   |次数  |\n\n\n', '99', '1463127887');
INSERT INTO `page_history` VALUES ('28', '51', '2', 'admin', '7', '9', '直播间房间信息', '简要描述：\n\n- 主播获得礼物排行榜\n\n  \n**请求方法：**\n- m_room_info \n  \n**请求方式：**\n- POST \n\n**参数：** \n\n|参数名|必选|类型|说明|\n|:----    |:---|:----- |-----   |\n|uid	 |是  |int |用户uid   |\n|secret	  |是  |string | 登录秘钥(登录时返回secret)   |\n|room_id	|是  |int | 房间id |\n\n **返回示例**\n\n``` \n{\n    &quot;jsonrpc&quot;:&quot;2.0&quot;,\n    &quot;id&quot;:&quot;6795c653-8130-4438-a617-b3aa2663a05b&quot;,\n    &quot;result&quot;:{\n        &quot;天使之恋&quot;:&quot;14&quot;,\n        &quot;一见钟情&quot;:&quot;7&quot;,\n        &quot;拜堂&quot;:&quot;3&quot;\n    }\n}\n                    \n```\n\n **返回result参数说明** \n\n|参数名|类型|说明|\n|:-----  |:-----|-----                           |\n|key |string   |礼物名称  |\n|value |int   |次数  |\n\n\n', '99', '1463127913');
INSERT INTO `page_history` VALUES ('29', '51', '2', 'admin', '7', '9', '直播间房间信息', '简要描述：\n\n- 主播获得礼物排行榜\n\n  \n**请求方法：**\n- m_room_info \n  \n**请求方式：**\n- POST \n\n**参数：** \n\n|参数名|必选|类型|说明|\n|:----    |:---|:----- |-----   |\n|uid	 |是  |int |用户uid   |\n|secret	  |是  |string | 登录秘钥(登录时返回secret)   |\n|room_id	|是  |int | 房间id |\n\n **返回示例**\n\n``` \n\n{\n    &quot;jsonrpc&quot;:&quot;2.0&quot;,\n    &quot;id&quot;:&quot;f86e7299-b46a-4ed9-ae6b-8ae265bd5a0b&quot;,\n    &quot;result&quot;:{\n        &quot;s&quot;:1,\n        &quot;data&quot;:{\n            &quot;room&quot;:{\n                &quot;id&quot;:&quot;202842&quot;,\n                &quot;name&quot;:&quot;自动生成房间202842&quot;,\n                &quot;poster_url&quot;:&quot;photo_5321946e74cd2.jpg&quot;,\n                &quot;poster_url2&quot;:&quot;&quot;,\n                &quot;status&quot;:&quot;1&quot;,\n                &quot;type&quot;:&quot;1&quot;,\n                &quot;start_time&quot;:&quot;2016-05-13 14:21:05&quot;,\n                &quot;end_time&quot;:&quot;2016-05-13 14:21:05&quot;,\n                &quot;max_num&quot;:&quot;500&quot;,\n                &quot;maxonline&quot;:&quot;1&quot;,\n                &quot;agent_id&quot;:&quot;100458669&quot;,\n                &quot;user_id&quot;:&quot;100001200&quot;,\n                &quot;anchors&quot;:&quot;100488329&quot;,\n                &quot;description&quot;:&quot;&quot;,\n                &quot;created_at&quot;:&quot;2014-03-13 19:18:28&quot;,\n                &quot;site&quot;:&quot;0&quot;,\n                &quot;visible_qzone&quot;:&quot;1&quot;,\n                &quot;hifi&quot;:&quot;day&quot;,\n                &quot;style&quot;:&quot;0&quot;,\n                &quot;visible&quot;:&quot;1&quot;,\n                &quot;stream_name&quot;:&quot;f92e51b970121f7df8c40b3086cdb069&quot;,\n                &quot;boiling&quot;:&quot;0&quot;,\n                &quot;ghstatus&quot;:&quot;0&quot;,\n                &quot;esq_status&quot;:&quot;8&quot;,\n                &quot;ghid&quot;:&quot;0&quot;\n            },\n            &quot;anchor&quot;:{\n                &quot;id&quot;:&quot;100488329&quot;,\n                &quot;cost_level&quot;:&quot;8&quot;,\n                &quot;received_level&quot;:&quot;21&quot;,\n                &quot;icon&quot;:&quot;1004883291396278410.jpg&quot;,\n                &quot;username&quot;:&quot;liuxitong&quot;,\n                &quot;nickname&quot;:&quot;兰花草@&quot;,\n                &quot;user_type&quot;:&quot;anchor&quot;,\n                &quot;tag&quot;:&quot;&quot;,\n                &quot;vip_lv&quot;:&quot;0&quot;,\n                &quot;sort_index&quot;:&quot;8&quot;,\n                &quot;is_stealth&quot;:&quot;0&quot;\n            },\n            &quot;fans_num&quot;:0,\n            &quot;is_followed&quot;:0,\n            &quot;is_guard&quot;:0,\n            &quot;openid&quot;:&quot;100488329&quot;,\n            &quot;openkey&quot;:&quot;68be610ebeef0f60&quot;,\n            &quot;timestamp&quot;:1463128053,\n            &quot;gserver&quot;:{\n                &quot;ip&quot;:&quot;192.168.1.201&quot;,\n                &quot;port&quot;:&quot;5588&quot;,\n                &quot;policyUrl&quot;:&quot;192.168.1.201&quot;,\n                &quot;policyPort&quot;:&quot;12121&quot;\n            }\n        }\n    }\n}\n                    \n```\n\n **返回result参数说明** \n\n|参数名|类型|说明|\n|:-----  |:-----|-----                           |\n|key |string   |礼物名称  |\n|value |int   |次数  |\n\n\n', '99', '1463128133');
INSERT INTO `page_history` VALUES ('30', '51', '2', 'admin', '7', '9', '直播间房间信息', '简要描述：\n\n- 主播获得礼物排行榜\n\n  \n**请求方法：**\n- m_room_info \n  \n**请求方式：**\n- POST \n\n**参数：** \n\n|参数名|必选|类型|说明|\n|:----    |:---|:----- |-----   |\n|uid	 |是  |int |用户uid   |\n|secret	  |是  |string | 登录秘钥(登录时返回secret)   |\n|room_id	|是  |int | 房间id |\n\n **返回示例**\n\n``` \n\n{\n    &quot;jsonrpc&quot;:&quot;2.0&quot;,\n    &quot;id&quot;:&quot;f86e7299-b46a-4ed9-ae6b-8ae265bd5a0b&quot;,\n    &quot;result&quot;:{\n        &quot;s&quot;:1,\n        &quot;data&quot;:{\n            &quot;room&quot;:{\n                &quot;id&quot;:&quot;202842&quot;,\n                &quot;name&quot;:&quot;自动生成房间202842&quot;,\n                &quot;poster_url&quot;:&quot;photo_5321946e74cd2.jpg&quot;,\n                &quot;poster_url2&quot;:&quot;&quot;,\n                &quot;status&quot;:&quot;1&quot;,\n                &quot;type&quot;:&quot;1&quot;,\n                &quot;start_time&quot;:&quot;2016-05-13 14:21:05&quot;,\n                &quot;end_time&quot;:&quot;2016-05-13 14:21:05&quot;,\n                &quot;max_num&quot;:&quot;500&quot;,\n                &quot;maxonline&quot;:&quot;1&quot;,\n                &quot;agent_id&quot;:&quot;100458669&quot;,\n                &quot;user_id&quot;:&quot;100001200&quot;,\n                &quot;anchors&quot;:&quot;100488329&quot;,\n                &quot;description&quot;:&quot;&quot;,\n                &quot;created_at&quot;:&quot;2014-03-13 19:18:28&quot;,\n                &quot;site&quot;:&quot;0&quot;,\n                &quot;visible_qzone&quot;:&quot;1&quot;,\n                &quot;hifi&quot;:&quot;day&quot;,\n                &quot;style&quot;:&quot;0&quot;,\n                &quot;visible&quot;:&quot;1&quot;,\n                &quot;stream_name&quot;:&quot;f92e51b970121f7df8c40b3086cdb069&quot;,\n                &quot;boiling&quot;:&quot;0&quot;,\n                &quot;ghstatus&quot;:&quot;0&quot;,\n                &quot;esq_status&quot;:&quot;8&quot;,\n                &quot;ghid&quot;:&quot;0&quot;\n            },\n            &quot;anchor&quot;:{\n                &quot;id&quot;:&quot;100488329&quot;,\n                &quot;cost_level&quot;:&quot;8&quot;,\n                &quot;received_level&quot;:&quot;21&quot;,\n                &quot;icon&quot;:&quot;1004883291396278410.jpg&quot;,\n                &quot;username&quot;:&quot;liuxitong&quot;,\n                &quot;nickname&quot;:&quot;兰花草@&quot;,\n                &quot;user_type&quot;:&quot;anchor&quot;,\n                &quot;tag&quot;:&quot;&quot;,\n                &quot;vip_lv&quot;:&quot;0&quot;,\n                &quot;sort_index&quot;:&quot;8&quot;,\n                &quot;is_stealth&quot;:&quot;0&quot;\n            },\n            &quot;fans_num&quot;:0,\n            &quot;is_followed&quot;:0,\n            &quot;is_guard&quot;:0,\n            &quot;openid&quot;:&quot;100488329&quot;,\n            &quot;openkey&quot;:&quot;68be610ebeef0f60&quot;,\n            &quot;timestamp&quot;:1463128053,\n            &quot;gserver&quot;:{\n                &quot;ip&quot;:&quot;192.168.1.201&quot;,\n                &quot;port&quot;:&quot;5588&quot;,\n                &quot;policyUrl&quot;:&quot;192.168.1.201&quot;,\n                &quot;policyPort&quot;:&quot;12121&quot;\n            }\n        }\n    }\n}\n                    \n```\n **返回参数说明** \n\n|参数名|类型|说明|\n|:-----  |:-----|-----                           |\n|s |int   |请求状态 0 失败 1 成功  |\n|fans_num |string   |登录秘钥  |\n|is_followed |string   |登录秘钥  |\n|is_guard |string   |登录秘钥  |\n|openkey |string   |登录秘钥  |\n|timestamp |string   |登录秘钥  |\n\n\n **返回result参数说明** \n\n|参数名|类型|说明|\n|:-----  |:-----|-----                           |\n|id |int   |用户ID  |\n|icon |string   |用户头像  |\n|username |string   |用户名  |\n|nickname |string   |用户昵称  |\n|user_type |string   |用户类型(user,blocked,anchor,agent)  |\n|password |string   |密码  |\n|hearts |int   |用户乐豆  |\n|has_altered_pwd |int   |是否修改过密码（0 : 1）|\n|can_m_alter_username |int   |是否修改过用户名（0 : 1）|\n|realname |string   |真实姓名|\n|address |string   |用户地址|\n|phone |int   |手机号码|\n|phone2 |int   |手机号码(德州用的)|\n|email |string   |用户邮箱地址|\n|gender |int   |0 未知， 1 男，2 女|\n|pos |int   |位置，最小单位|\n|qq |int   |QQ号|\n|room_id |int   |直播房间号|\n|fans |int   |用户粉丝数|\n|notice |string   |用户公聊公告|\n\n **返回auth参数说明** \n\n|参数名|类型|说明|\n|:-----  |:-----|-----                           |\n|openkey |int   |登录验证key  |\n|timestamp |string   |请求时间 (时间戳格式)  |\n|openid |string   |用户ID  |\n\n\n', '99', '1463128960');
INSERT INTO `page_history` VALUES ('31', '51', '2', 'admin', '7', '9', '直播间房间信息', '简要描述：\n\n- 主播获得礼物排行榜\n\n  \n**请求方法：**\n- m_room_info \n  \n**请求方式：**\n- POST \n\n**参数：** \n\n|参数名|必选|类型|说明|\n|:----    |:---|:----- |-----   |\n|uid	 |是  |int |用户uid   |\n|secret	  |是  |string | 登录秘钥(登录时返回secret)   |\n|room_id	|是  |int | 房间id |\n\n **返回示例**\n\n``` \n\n{\n    &quot;jsonrpc&quot;:&quot;2.0&quot;,\n    &quot;id&quot;:&quot;f86e7299-b46a-4ed9-ae6b-8ae265bd5a0b&quot;,\n    &quot;result&quot;:{\n        &quot;s&quot;:1,\n        &quot;data&quot;:{\n            &quot;room&quot;:{\n                &quot;id&quot;:&quot;202842&quot;,\n                &quot;name&quot;:&quot;自动生成房间202842&quot;,\n                &quot;poster_url&quot;:&quot;photo_5321946e74cd2.jpg&quot;,\n                &quot;poster_url2&quot;:&quot;&quot;,\n                &quot;status&quot;:&quot;1&quot;,\n                &quot;type&quot;:&quot;1&quot;,\n                &quot;start_time&quot;:&quot;2016-05-13 14:21:05&quot;,\n                &quot;end_time&quot;:&quot;2016-05-13 14:21:05&quot;,\n                &quot;max_num&quot;:&quot;500&quot;,\n                &quot;maxonline&quot;:&quot;1&quot;,\n                &quot;agent_id&quot;:&quot;100458669&quot;,\n                &quot;user_id&quot;:&quot;100001200&quot;,\n                &quot;anchors&quot;:&quot;100488329&quot;,\n                &quot;description&quot;:&quot;&quot;,\n                &quot;created_at&quot;:&quot;2014-03-13 19:18:28&quot;,\n                &quot;site&quot;:&quot;0&quot;,\n                &quot;visible_qzone&quot;:&quot;1&quot;,\n                &quot;hifi&quot;:&quot;day&quot;,\n                &quot;style&quot;:&quot;0&quot;,\n                &quot;visible&quot;:&quot;1&quot;,\n                &quot;stream_name&quot;:&quot;f92e51b970121f7df8c40b3086cdb069&quot;,\n                &quot;boiling&quot;:&quot;0&quot;,\n                &quot;ghstatus&quot;:&quot;0&quot;,\n                &quot;esq_status&quot;:&quot;8&quot;,\n                &quot;ghid&quot;:&quot;0&quot;\n            },\n            &quot;anchor&quot;:{\n                &quot;id&quot;:&quot;100488329&quot;,\n                &quot;cost_level&quot;:&quot;8&quot;,\n                &quot;received_level&quot;:&quot;21&quot;,\n                &quot;icon&quot;:&quot;1004883291396278410.jpg&quot;,\n                &quot;username&quot;:&quot;liuxitong&quot;,\n                &quot;nickname&quot;:&quot;兰花草@&quot;,\n                &quot;user_type&quot;:&quot;anchor&quot;,\n                &quot;tag&quot;:&quot;&quot;,\n                &quot;vip_lv&quot;:&quot;0&quot;,\n                &quot;sort_index&quot;:&quot;8&quot;,\n                &quot;is_stealth&quot;:&quot;0&quot;\n            },\n            &quot;fans_num&quot;:0,\n            &quot;is_followed&quot;:0,\n            &quot;is_guard&quot;:0,\n            &quot;openid&quot;:&quot;100488329&quot;,\n            &quot;openkey&quot;:&quot;68be610ebeef0f60&quot;,\n            &quot;timestamp&quot;:1463128053,\n            &quot;gserver&quot;:{\n                &quot;ip&quot;:&quot;192.168.1.201&quot;,\n                &quot;port&quot;:&quot;5588&quot;,\n                &quot;policyUrl&quot;:&quot;192.168.1.201&quot;,\n                &quot;policyPort&quot;:&quot;12121&quot;\n            }\n        }\n    }\n}\n                    \n```\n **返回参数说明** \n\n|参数名|类型|说明|\n|:-----  |:-----|-----                           |\n|s |int   |请求状态 0 失败 1 成功  |\n|fans_num |string   |0  |\n|is_followed |string   |0  |\n|is_guard |string   |0  |\n|openkey |string   |登录秘钥  |\n|timestamp |string   |请求时间(时间戳)  |\n\n\n **返回result参数说明** \n\n|参数名|类型|说明|\n|:-----  |:-----|-----                           |\n|id |int   |用户ID  |\n|icon |string   |用户头像  |\n|username |string   |用户名  |\n|nickname |string   |用户昵称  |\n|user_type |string   |用户类型(user,blocked,anchor,agent)  |\n|password |string   |密码  |\n|hearts |int   |用户乐豆  |\n|has_altered_pwd |int   |是否修改过密码（0 : 1）|\n|can_m_alter_username |int   |是否修改过用户名（0 : 1）|\n|realname |string   |真实姓名|\n|address |string   |用户地址|\n|phone |int   |手机号码|\n|phone2 |int   |手机号码(德州用的)|\n|email |string   |用户邮箱地址|\n|gender |int   |0 未知， 1 男，2 女|\n|pos |int   |位置，最小单位|\n|qq |int   |QQ号|\n|room_id |int   |直播房间号|\n|fans |int   |用户粉丝数|\n|notice |string   |用户公聊公告|\n\n **返回auth参数说明** \n\n|参数名|类型|说明|\n|:-----  |:-----|-----                           |\n|openkey |int   |登录验证key  |\n|timestamp |string   |请求时间 (时间戳格式)  |\n|openid |string   |用户ID  |\n\n\n', '99', '1463129146');
INSERT INTO `page_history` VALUES ('32', '51', '2', 'admin', '7', '9', '直播间房间信息', '简要描述：\n\n- 主播获得礼物排行榜\n\n  \n**请求方法：**\n- m_room_info \n  \n**请求方式：**\n- POST \n\n**参数：** \n\n|参数名|必选|类型|说明|\n|:----    |:---|:----- |-----   |\n|uid	 |是  |int |用户uid   |\n|secret	  |是  |string | 登录秘钥(登录时返回secret)   |\n|room_id	|是  |int | 房间id |\n\n **返回示例**\n\n``` \n\n{\n    &quot;jsonrpc&quot;:&quot;2.0&quot;,\n    &quot;id&quot;:&quot;f86e7299-b46a-4ed9-ae6b-8ae265bd5a0b&quot;,\n    &quot;result&quot;:{\n        &quot;s&quot;:1,\n        &quot;data&quot;:{\n            &quot;room&quot;:{\n                &quot;id&quot;:&quot;202842&quot;,\n                &quot;name&quot;:&quot;自动生成房间202842&quot;,\n                &quot;poster_url&quot;:&quot;photo_5321946e74cd2.jpg&quot;,\n                &quot;poster_url2&quot;:&quot;&quot;,\n                &quot;status&quot;:&quot;1&quot;,\n                &quot;type&quot;:&quot;1&quot;,\n                &quot;start_time&quot;:&quot;2016-05-13 14:21:05&quot;,\n                &quot;end_time&quot;:&quot;2016-05-13 14:21:05&quot;,\n                &quot;max_num&quot;:&quot;500&quot;,\n                &quot;maxonline&quot;:&quot;1&quot;,\n                &quot;agent_id&quot;:&quot;100458669&quot;,\n                &quot;user_id&quot;:&quot;100001200&quot;,\n                &quot;anchors&quot;:&quot;100488329&quot;,\n                &quot;description&quot;:&quot;&quot;,\n                &quot;created_at&quot;:&quot;2014-03-13 19:18:28&quot;,\n                &quot;site&quot;:&quot;0&quot;,\n                &quot;visible_qzone&quot;:&quot;1&quot;,\n                &quot;hifi&quot;:&quot;day&quot;,\n                &quot;style&quot;:&quot;0&quot;,\n                &quot;visible&quot;:&quot;1&quot;,\n                &quot;stream_name&quot;:&quot;f92e51b970121f7df8c40b3086cdb069&quot;,\n                &quot;boiling&quot;:&quot;0&quot;,\n                &quot;ghstatus&quot;:&quot;0&quot;,\n                &quot;esq_status&quot;:&quot;8&quot;,\n                &quot;ghid&quot;:&quot;0&quot;\n            },\n            &quot;anchor&quot;:{\n                &quot;id&quot;:&quot;100488329&quot;,\n                &quot;cost_level&quot;:&quot;8&quot;,\n                &quot;received_level&quot;:&quot;21&quot;,\n                &quot;icon&quot;:&quot;1004883291396278410.jpg&quot;,\n                &quot;username&quot;:&quot;liuxitong&quot;,\n                &quot;nickname&quot;:&quot;兰花草@&quot;,\n                &quot;user_type&quot;:&quot;anchor&quot;,\n                &quot;tag&quot;:&quot;&quot;,\n                &quot;vip_lv&quot;:&quot;0&quot;,\n                &quot;sort_index&quot;:&quot;8&quot;,\n                &quot;is_stealth&quot;:&quot;0&quot;\n            },\n            &quot;fans_num&quot;:0,\n            &quot;is_followed&quot;:0,\n            &quot;is_guard&quot;:0,\n            &quot;openid&quot;:&quot;100488329&quot;,\n            &quot;openkey&quot;:&quot;68be610ebeef0f60&quot;,\n            &quot;timestamp&quot;:1463128053,\n            &quot;gserver&quot;:{\n                &quot;ip&quot;:&quot;192.168.1.201&quot;,\n                &quot;port&quot;:&quot;5588&quot;,\n                &quot;policyUrl&quot;:&quot;192.168.1.201&quot;,\n                &quot;policyPort&quot;:&quot;12121&quot;\n            }\n        }\n    }\n}\n                    \n```\n **返回参数说明** \n\n|参数名|类型|说明|\n|:-----  |:-----|-----                           |\n|s |int   |请求状态 0 失败 1 成功  |\n|fans_num |string   |0  |\n|is_followed |string   |0  |\n|is_guard |string   |0  |\n|openkey |string   |登录验证key  |\n|timestamp |string   |请求时间(时间戳)  |\n\n\n **返回room参数说明** \n\n|参数名|类型|说明|\n|:-----  |:-----|-----                           |\n|id |int   |房间号  |\n|name |string   |房间名  |\n|poster_url |string   |海报图片路径  |\n|poster_url2 |string   |海报图片路径2  |\n|status |string   |4：未直播，1:正在直播|\n|type |string   |房间类型|\n|start_time |int   |开始直播时间|\n|end_time |int   |结束直播时间|\n|max_num |int   |房间最大在线数量|\n|maxonline |string   |房间在线人数|\n|agent_id |string   |用户地址|\n|user_id |int   |手机号码|\n|anchors |int   |手机号码(德州用的)|\n|description |string   |被禁用原因描述。|\n|created_at |int   |0 未知， 1 男，2 女|\n|site |int   |0=0058,1=PINGJU|\n|visible_qzone |int   |是否在空间显示 1 显示，2 不显示|\n|hifi |int   |1 高清直播， 0 非高清|\n|style |int   |直播间类型 0 = 普通单主播直播间，1 = 大视频直播间，2=家族直播间|\n|visible |string   |是否显示在首页等其他地方|\n|stream_name |string   |用户公聊公告|\n|boiling |string   |直播期间 热度值 下播清零|\n|ghstatus |string   |0公会审核通过待客服审核 1客服审核通过|\n|esq_status |string   |客服审核状态  0 未审核 1 已通过 2 已拒绝 8 一月一号以前开通的主播|\n|ghid |string   |公会id|\n\n **返回auth参数说明** \n\n|参数名|类型|说明|\n|:-----  |:-----|-----                           |\n|openkey |int   |登录验证key  |\n|timestamp |string   |请求时间 (时间戳格式)  |\n|openid |string   |用户ID  |\n\n\n', '99', '1463129812');
INSERT INTO `page_history` VALUES ('33', '51', '2', 'admin', '7', '9', '直播间房间信息', '简要描述：\n\n- 主播获得礼物排行榜\n\n  \n**请求方法：**\n- m_room_info \n  \n**请求方式：**\n- POST \n\n**参数：** \n\n|参数名|必选|类型|说明|\n|:----    |:---|:----- |-----   |\n|uid	 |是  |int |用户uid   |\n|secret	  |是  |string | 登录秘钥(登录时返回secret)   |\n|room_id	|是  |int | 房间id |\n\n **返回示例**\n\n``` \n\n{\n    &quot;jsonrpc&quot;:&quot;2.0&quot;,\n    &quot;id&quot;:&quot;f86e7299-b46a-4ed9-ae6b-8ae265bd5a0b&quot;,\n    &quot;result&quot;:{\n        &quot;s&quot;:1,\n        &quot;data&quot;:{\n            &quot;room&quot;:{\n                &quot;id&quot;:&quot;202842&quot;,\n                &quot;name&quot;:&quot;自动生成房间202842&quot;,\n                &quot;poster_url&quot;:&quot;photo_5321946e74cd2.jpg&quot;,\n                &quot;poster_url2&quot;:&quot;&quot;,\n                &quot;status&quot;:&quot;1&quot;,\n                &quot;type&quot;:&quot;1&quot;,\n                &quot;start_time&quot;:&quot;2016-05-13 14:21:05&quot;,\n                &quot;end_time&quot;:&quot;2016-05-13 14:21:05&quot;,\n                &quot;max_num&quot;:&quot;500&quot;,\n                &quot;maxonline&quot;:&quot;1&quot;,\n                &quot;agent_id&quot;:&quot;100458669&quot;,\n                &quot;user_id&quot;:&quot;100001200&quot;,\n                &quot;anchors&quot;:&quot;100488329&quot;,\n                &quot;description&quot;:&quot;&quot;,\n                &quot;created_at&quot;:&quot;2014-03-13 19:18:28&quot;,\n                &quot;site&quot;:&quot;0&quot;,\n                &quot;visible_qzone&quot;:&quot;1&quot;,\n                &quot;hifi&quot;:&quot;day&quot;,\n                &quot;style&quot;:&quot;0&quot;,\n                &quot;visible&quot;:&quot;1&quot;,\n                &quot;stream_name&quot;:&quot;f92e51b970121f7df8c40b3086cdb069&quot;,\n                &quot;boiling&quot;:&quot;0&quot;,\n                &quot;ghstatus&quot;:&quot;0&quot;,\n                &quot;esq_status&quot;:&quot;8&quot;,\n                &quot;ghid&quot;:&quot;0&quot;\n            },\n            &quot;anchor&quot;:{\n                &quot;id&quot;:&quot;100488329&quot;,\n                &quot;cost_level&quot;:&quot;8&quot;,\n                &quot;received_level&quot;:&quot;21&quot;,\n                &quot;icon&quot;:&quot;1004883291396278410.jpg&quot;,\n                &quot;username&quot;:&quot;liuxitong&quot;,\n                &quot;nickname&quot;:&quot;兰花草@&quot;,\n                &quot;user_type&quot;:&quot;anchor&quot;,\n                &quot;tag&quot;:&quot;&quot;,\n                &quot;vip_lv&quot;:&quot;0&quot;,\n                &quot;sort_index&quot;:&quot;8&quot;,\n                &quot;is_stealth&quot;:&quot;0&quot;\n            },\n            &quot;fans_num&quot;:0,\n            &quot;is_followed&quot;:0,\n            &quot;is_guard&quot;:0,\n            &quot;openid&quot;:&quot;100488329&quot;,\n            &quot;openkey&quot;:&quot;68be610ebeef0f60&quot;,\n            &quot;timestamp&quot;:1463128053,\n            &quot;gserver&quot;:{\n                &quot;ip&quot;:&quot;192.168.1.201&quot;,\n                &quot;port&quot;:&quot;5588&quot;,\n                &quot;policyUrl&quot;:&quot;192.168.1.201&quot;,\n                &quot;policyPort&quot;:&quot;12121&quot;\n            }\n        }\n    }\n}\n                    \n```\n **返回参数说明** \n\n|参数名|类型|说明|\n|:-----  |:-----|-----                           |\n|s |int   |请求状态 0 失败 1 成功  |\n|fans_num |string   |0  |\n|is_followed |string   |0  |\n|is_guard |string   |0  |\n|openkey |string   |登录验证key  |\n|timestamp |string   |请求时间(时间戳)  |\n\n\n **返回room参数说明** \n\n|参数名|类型|说明|\n|:-----  |:-----|-----                           |\n|id |int   |房间号  |\n|name |string   |房间名  |\n|poster_url |string   |海报图片路径  |\n|poster_url2 |string   |海报图片路径2  |\n|status |string   |4：未直播，1:正在直播|\n|type |string   |房间类型|\n|start_time |int   |开始直播时间|\n|end_time |int   |结束直播时间|\n|max_num |int   |房间最大在线数量|\n|maxonline |string   |房间在线人数|\n|agent_id |string   |代理id(运营账号)|\n|user_id |int   |暂无用处|\n|anchors |int   |主播id|\n|description |string   |被禁用原因描述。|\n|created_at |int   |0 未知， 1 男，2 女|\n|site |int   |0=0058,1=PINGJU|\n|visible_qzone |int   |是否在空间显示 1 显示，2 不显示|\n|hifi |int   |1 高清直播， 0 非高清|\n|style |int   |直播间类型 0 = 普通单主播直播间，1 = 大视频直播间，2=家族直播间|\n|visible |string   |是否显示在首页等其他地方|\n|stream_name |string   |用户公聊公告|\n|boiling |string   |直播期间 热度值 下播清零|\n|ghstatus |string   |0公会审核通过待客服审核 1客服审核通过|\n|esq_status |string   |客服审核状态  0 未审核 1 已通过 2 已拒绝 8 一月一号以前开通的主播|\n|ghid |string   |公会id|\n\n **返回auth参数说明** \n\n|参数名|类型|说明|\n|:-----  |:-----|-----                           |\n|openkey |int   |登录验证key  |\n|timestamp |string   |请求时间 (时间戳格式)  |\n|openid |string   |用户ID  |\n\n\n', '99', '1463130676');
INSERT INTO `page_history` VALUES ('34', '52', '2', 'admin', '7', '9', '直播间的直播资源url', '', '99', '1463124893');
INSERT INTO `page_history` VALUES ('35', '52', '2', 'admin', '7', '9', '直播间的直播资源url', '简要描述：\n\n- 直播间的直播资源url\n\n  \n**请求方法：**\n- m_room_resurl \n  \n**请求方式：**\n- POST \n\n**参数：** \n\n|参数名|必选|类型|说明|\n|:----    |:---|:----- |-----   |\n|uid	 |是  |int |用户uid   |\n|secret	  |是  |string | 登录秘钥(登录时返回secret)   |\n|room_id	|是  |int | 房间id |\n\n **返回示例**\n\n``` \n\n{\n    &quot;jsonrpc&quot;:&quot;2.0&quot;,\n    &quot;id&quot;:&quot;65ef40d4-1d50-4692-9e36-304319600da5&quot;,\n    &quot;result&quot;:{\n        &quot;s&quot;:1,\n        &quot;data&quot;:{\n            &quot;live_url&quot;:&quot;rtmp:\\/\\/video.0058.com\\/RoomVideoChat&quot;,\n            &quot;chat_url&quot;:&quot;192.168.1.201:8855&quot;,\n            &quot;stream&quot;:&quot;a8f2bd5a5dfac3d7fe79442af35ed726&quot;,\n            &quot;is_lian&quot;:0\n        }\n    }\n}\n                    \n```\n **返回参数说明** \n\n|参数名|类型|说明|\n|:-----  |:-----|-----                           |\n|s |int   |请求状态 0 失败 1 成功  |\n\n\n **返回data参数说明** \n\n|参数名|类型|说明|\n|:-----  |:-----|-----                           |\n|live_url |int   |房间号  |\n|chat_url |string   |房间名  |\n|stream |string   |海报图片路径  |\n|poster_url2 |string   |海报图片路径2  |\n|is_lian |string   |4：未直播，1:正在直播|\n', '99', '1463378561');
INSERT INTO `page_history` VALUES ('36', '52', '2', 'admin', '7', '9', '直播间的直播资源url', '简要描述：\n\n- 直播间的直播资源url\n\n  \n**请求方法：**\n- m_room_resurl \n  \n**请求方式：**\n- POST \n\n**参数：** \n\n|参数名|必选|类型|说明|\n|:----    |:---|:----- |-----   |\n|uid	 |是  |int |用户uid   |\n|secret	  |是  |string | 登录秘钥(登录时返回secret)   |\n|room_id	|是  |int | 房间id |\n\n **返回示例**\n\n``` \n\n{\n    &quot;jsonrpc&quot;:&quot;2.0&quot;,\n    &quot;id&quot;:&quot;65ef40d4-1d50-4692-9e36-304319600da5&quot;,\n    &quot;result&quot;:{\n        &quot;s&quot;:1,\n        &quot;data&quot;:{\n            &quot;live_url&quot;:&quot;rtmp:\\/\\/video.0058.com\\/RoomVideoChat&quot;,\n            &quot;chat_url&quot;:&quot;192.168.1.201:8855&quot;,\n            &quot;stream&quot;:&quot;a8f2bd5a5dfac3d7fe79442af35ed726&quot;,\n            &quot;is_lian&quot;:0\n        }\n    }\n}\n                    \n```\n **返回参数说明** \n\n|参数名|类型|说明|\n|:-----  |:-----|-----                           |\n|s |int   |请求状态 0 失败 1 成功  |\n\n\n **返回data参数说明** \n\n|参数名|类型|说明|\n|:-----  |:-----|-----                           |\n|live_url |int   |房间号  |\n|chat_url |string   |房间名  |\n|stream |string   |海报图片路径  |\n|poster_url2 |string   |海报图片路径2  |\n|is_lian |string   |是否连麦房，0 否 1 是|\n', '99', '1463378985');
INSERT INTO `page_history` VALUES ('37', '53', '2', 'admin', '7', '9', '直播间结束获取新增乐豆和观众人数', '', '99', '1463124900');
INSERT INTO `page_history` VALUES ('38', '54', '2', 'admin', '7', '9', '直播间开始直播', '', '99', '1463124909');
INSERT INTO `page_history` VALUES ('39', '55', '2', 'admin', '7', '9', '直播间结束直播', '', '99', '1463124926');
INSERT INTO `page_history` VALUES ('40', '56', '2', 'admin', '7', '9', '获取主播的乐豆数量', '\n    \n**简要描述：** \n\n- 用户注册接口\n\n**请求URL：** \n- ` http://xx.com/api/user/register `\n  \n**请求方式：**\n- POST \n\n**参数：** \n\n|参数名|必选|类型|说明|\n|:----    |:---|:----- |-----   |\n|username |是  |string |用户名   |\n|password |是  |string | 密码    |\n|name     |否  |string | 昵称    |\n\n **返回示例**\n\n``` \n  {\n    &quot;error_code&quot;: 0,\n    &quot;data&quot;: {\n      &quot;uid&quot;: &quot;1&quot;,\n      &quot;username&quot;: &quot;12154545&quot;,\n      &quot;name&quot;: &quot;吴系挂&quot;,\n      &quot;groupid&quot;: 2 ,\n      &quot;reg_time&quot;: &quot;1436864169&quot;,\n      &quot;last_login_time&quot;: &quot;0&quot;,\n    }\n  }\n```\n\n **返回参数说明** \n\n|参数名|类型|说明|\n|:-----  |:-----|-----                           |\n|groupid |int   |用户组id，1：超级管理员；2：普通用户  |\n\n **备注** \n\n- 更多返回错误代码请看首页的错误代码描述\n\n\n', '99', '1463389165');
INSERT INTO `page_history` VALUES ('41', '57', '2', 'admin', '7', '9', '更新主播结束时间', '', '99', '1463465226');

-- ----------------------------
-- Table structure for `user`
-- ----------------------------
DROP TABLE IF EXISTS `user`;
CREATE TABLE `user` (
  `uid` int(10) NOT NULL AUTO_INCREMENT,
  `username` varchar(20) NOT NULL DEFAULT '',
  `groupid` tinyint(2) NOT NULL DEFAULT '2' COMMENT '1为超级管理员，2为普通用户',
  `name` varchar(15) DEFAULT '',
  `avatar` varchar(200) DEFAULT '' COMMENT '头像',
  `avatar_small` varchar(200) CHARACTER SET latin1 DEFAULT '',
  `email` varchar(50) DEFAULT '',
  `password` varchar(50) NOT NULL,
  `cookie_token` varchar(50) NOT NULL DEFAULT '' COMMENT '实现cookie自动登录的token凭证',
  `cookie_token_expire` int(11) NOT NULL DEFAULT '0',
  `reg_time` int(11) NOT NULL DEFAULT '0',
  `last_login_time` int(11) NOT NULL DEFAULT '0',
  PRIMARY KEY (`uid`),
  UNIQUE KEY `username` (`username`) USING BTREE
) ENGINE=MyISAM AUTO_INCREMENT=3 DEFAULT CHARSET=utf8 COMMENT='用户表';

-- ----------------------------
-- Records of user
-- ----------------------------
INSERT INTO `user` VALUES ('1', 'showdoc', '2', '', '', '', '', 'a89da13684490eb9ec9e613f91d24d00', 'ea1bb1fd7787f48d93359531541449f4', '1464927946', '1448457804', '1457151946');
INSERT INTO `user` VALUES ('2', 'admin', '2', '', '', '', '', '0ffd93090fc323c3ec8c3c2d16446c17', '70b61ffb1f67655e7d82a3c76c3346d1', '1471229668', '1463124142', '1463453668');
